matchId,Bowler_id,Team,bowler name,Wickets,Runs,Innings,Overs,Maidin,Dots,economy,balls
1,RCBO1,RCB,josh hazlewood,2,22,1,4.0,0,16,5.5,24
1,RCBO3,RCB,rasikh dar salam,1,35,1,3.0,0,9,11.67,18
1,RCBO5,RCB,yash dayal,1,25,1,3.0,0,7,8.33,18
1,RCBO4,RCB,suyash sharma,1,47,1,4.0,0,8,11.75,24
1,RCBA2,RCB,liam livingstone,0,14,1,2.0,0,2,7.0,12
1,RCBA1,RCB,krunal pandya,3,29,1,4.0,0,8,7.25,24
1,KKRO3,KKR,vaibhav arora,1,42,2,3.0,0,4,14.0,18
1,KKRO6,KKR,spencer johnson,0,31,2,2.2,0,7,14.09,14
1,KKRO1,KKR,varun chakaravarthy,1,43,2,4.0,0,7,10.75,24
1,KKRO4,KKR,harshit rana,0,32,2,3.0,0,4,10.67,18
1,KKRA5,KKR,sunil narine,1,27,2,4.0,0,5,6.75,24
2,RRO7,RR,fazalhaq farooqi,0,49,1,3.0,0,3,16.33,18
2,RRO6,RR,maheesh theekshana,2,52,1,4.0,0,8,13.0,24
2,RRO9,RR,jofra archer,0,76,1,4.0,0,1,19.0,24
2,RRO11,RR,sandeep sharma,1,51,1,4.0,0,5,12.75,24
2,RRB5,RR,nitish rana,0,9,1,1.0,0,0,9.0,6
2,RRO2,RR,tushar deshpande,3,44,1,4.0,0,8,11.0,24
2,SRHO3,SRH,mohammad shami,1,33,2,3.0,0,8,11.0,18
2,SRHO6,SRH,simarjeet singh,2,46,2,3.0,0,8,15.33,18
2,SRHO2,SRH,pat cummins,0,60,2,4.0,0,4,15.0,24
2,SRHA2,SRH,abhishek sharma,0,17,2,2.0,0,6,8.5,12
2,SRHO9,SRH,adam zampa,1,48,2,4.0,0,7,12.0,24
2,SRHO4,SRH,harshal patel,2,34,2,4.0,0,7,8.5,24
3,CSKO8,CSK,khaleel ahmed,3,29,1,4.0,0,15,7.25,24
3,CSKA8,CSK,sam curran,0,13,1,1.0,0,2,13.0,6
3,CSKO6,CSK,nathan ellis,1,38,1,4.0,0,6,9.5,24
3,CSKA9,CSK,ravichandran ashwin,1,31,1,4.0,0,6,7.75,24
3,CSKA6,CSK,ravindra jadeja,0,21,1,3.0,0,8,7.0,18
3,CSKO7,CSK,noor ahmad,4,18,1,4.0,0,12,4.5,24
3,MIO5,MI,trent boult,0,27,2,3.0,0,4,9.0,18
3,MIO7,MI,deepak chahar,1,18,2,2.0,0,5,9.0,12
3,MIO6,MI,v satyanarayana penmetsa,0,13,2,1.0,0,0,13.0,6
3,MIA6,MI,mitchell santner,0,24,2,2.1,0,5,11.43,13
3,MIA4,MI,will jacks,1,32,2,4.0,0,7,8.0,24
3,MIO11,MI,vignesh puthur,3,32,2,4.0,0,9,8.0,24
3,MIB4,MI,naman dhir,0,12,2,3.0,0,7,4.0,18
4,DCO8,DC,mitchell starc,3,42,1,4.0,0,9,10.5,24
4,DCA3,DC,axar patel,0,18,1,3.0,0,7,6.0,18
4,DCO1,DC,vipraj nigam,1,35,1,2.0,0,3,17.5,12
4,DCO6,DC,mukesh kumar,1,22,1,2.0,0,4,11.0,12
4,DCO2,DC,kuldeep yadav,2,20,1,4.0,0,15,5.0,24
4,DCO4,DC,mohit sharma,0,42,1,4.0,0,7,10.5,24
4,DCW1,DC,tristan stubbs,0,26,1,1.0,0,1,26.0,6
4,LSGA8,LSG,shardul thakur,2,19,2,2.0,0,5,9.5,12
4,LSGO3,LSG,manimaran siddharth,2,39,2,4.0,0,9,9.75,24
4,LSGO8,LSG,digvesh rathi,2,31,2,4.0,0,10,7.75,24
4,LSGO1,LSG,ravi bishnoi,2,53,2,4.0,0,8,13.25,24
4,LSGO6,LSG,prince yadav,0,47,2,4.0,0,5,11.75,24
4,LSGA6,LSG,shahbaz ahmed,0,22,2,1.3,0,1,16.92,9
5,GTO8,GT,mohammed siraj,0,54,1,4.0,0,10,13.5,24
5,GTO5,GT,kagiso rabada,1,41,1,4.0,0,8,10.25,24
5,GTA9,GT,arshad khan,0,21,1,1.0,0,1,21.0,6
5,GTA7,GT,rashid khan,1,48,1,4.0,0,8,12.0,24
5,GTO7,GT,prasidh krishna,0,41,1,3.0,0,6,13.67,18
5,GTA8,GT,sai kishore,3,30,1,4.0,0,12,7.5,24
5,PBKSO2,PBKS,arshdeep singh,2,36,2,4.0,0,11,9.0,24
5,PBKSA8,PBKS,azmatullah omarzai,0,29,2,2.0,0,3,14.5,12
5,PBKSA9,PBKS,marco jansen,1,44,2,4.0,0,6,11.0,24
5,PBKSB06,PBKS,glenn maxwell,1,26,2,2.0,0,3,13.0,12
5,PBKSA2,PBKS,marcus stoinis,0,31,2,2.0,0,3,15.5,12
5,PBKSO3,PBKS,yuzvendra chahal,0,34,2,3.0,0,4,11.33,18
5,PBKSO4,PBKS,vijaykumar vyshak,0,28,2,3.0,0,7,9.33,18
6,KKRO6,KKR,spencer johnson,1,42,1,4.0,0,9,10.5,24
6,KKRO3,KKR,vaibhav arora,2,33,1,4.0,0,9,8.25,24
6,KKRO4,KKR,harshit rana,2,36,1,4.0,0,11,9.0,24
6,KKRA4,KKR,moeen ali,2,23,1,4.0,0,5,5.75,24
6,KKRO1,KKR,varun chakaravarthy,2,17,1,4.0,0,12,4.25,24
6,RRO9,RR,jofra archer,0,33,2,2.3,0,7,14.35,15
6,RRO6,RR,maheesh theekshana,0,32,2,4.0,0,11,8.0,24
6,RRA1,RR,riyan parag,0,25,2,4.0,0,7,6.25,24
6,RRO11,RR,sandeep sharma,0,11,2,2.0,0,4,5.5,12
6,RRA2,RR,wanindu hasaranga,1,34,2,3.0,0,2,11.33,18
6,RRB5,RR,nitish rana,0,9,2,1.0,0,0,9.0,6
6,RRO2,RR,tushar deshpande,0,7,2,1.0,0,2,7.0,6
7,LSGA8,LSG,shardul thakur,4,34,1,4.0,0,11,8.5,24
7,LSGO5,LSG,avesh khan,1,45,1,4.0,0,5,11.25,24
7,LSGO8,LSG,digvesh rathi,1,40,1,4.0,0,8,10.0,24
7,LSGO1,LSG,ravi bishnoi,1,42,1,4.0,0,8,10.5,24
7,LSGO6,LSG,prince yadav,1,29,1,4.0,0,7,7.25,24
7,SRHA2,SRH,abhishek sharma,0,20,2,2.0,0,5,10.0,12
7,SRHO3,SRH,mohammad shami,1,37,2,3.0,0,5,12.33,18
7,SRHO6,SRH,simarjeet singh,0,28,2,2.0,0,5,14.0,12
7,SRHO2,SRH,pat cummins,2,29,2,3.0,0,9,9.67,18
7,SRHO9,SRH,adam zampa,1,46,2,4.0,0,3,11.5,24
7,SRHO4,SRH,harshal patel,1,28,2,2.0,0,2,14.0,12
7,SRHW2,SRH,ishan kishan,0,4,2,0.1,0,0,40.0,1
8,CSKO8,CSK,khaleel ahmed,1,26,1,4.0,0,13,6.5,24
8,CSKA9,CSK,ravichandran ashwin,1,22,1,2.0,0,3,11.0,12
8,CSKA8,CSK,sam curran,0,34,1,3.0,0,8,11.33,18
8,CSKO7,CSK,noor ahmad,3,36,1,4.0,0,7,9.0,24
8,CSKA6,CSK,ravindra jadeja,0,37,1,3.0,0,5,12.33,18
8,CSKO4,CSK,matheesha pathirana,2,36,1,4.0,0,10,9.0,24
8,RCBO2,RCB,bhuvneshwar kumar,1,20,2,3.0,0,9,6.67,18
8,RCBO1,RCB,josh hazlewood,3,21,2,4.0,0,15,5.25,24
8,RCBO5,RCB,yash dayal,2,18,2,3.0,0,6,6.0,18
8,RCBA2,RCB,liam livingstone,2,28,2,4.0,0,5,7.0,24
8,RCBO4,RCB,suyash sharma,0,32,2,4.0,0,10,8.0,24
8,RCBA1,RCB,krunal pandya,0,26,2,2.0,0,4,13.0,12
9,MIO5,MI,trent boult,1,34,1,4.0,0,6,8.5,24
9,MIO7,MI,deepak chahar,1,39,1,4.0,0,9,9.75,24
9,MIO8,MI,mujeeb ur rahman,1,28,1,2.0,0,4,14.0,12
9,MIA2,MI,hardik pandya,2,29,1,4.0,0,8,7.25,24
9,MIA6,MI,mitchell santner,0,25,1,3.0,0,5,8.33,18
9,MIO6,MI,v satyanarayana penmetsa,1,40,1,3.0,0,4,13.33,18
9,GTO8,GT,mohammed siraj,2,34,2,4.0,0,12,8.5,24
9,GTO5,GT,kagiso rabada,1,42,2,4.0,0,6,10.5,24
9,SRHW2,GT,ishan kishan,0,17,2,2.0,0,5,8.5,12
9,GTA7,GT,rashid khan,0,10,2,2.0,0,4,5.0,12
9,GTA8,GT,sai kishore,1,37,2,4.0,0,6,9.25,24
9,GTO7,GT,prasidh krishna,2,18,2,4.0,0,14,4.5,24
10,DCO8,DC,mitchell starc,5,35,1,3.4,0,12,10.29,22
10,DCO6,DC,mukesh kumar,0,17,1,2.0,0,3,8.5,12
10,DCA3,DC,axar patel,0,43,1,4.0,0,7,10.75,24
10,DCO1,DC,vipraj nigam,0,21,1,2.0,0,2,10.5,12
10,DCO4,DC,mohit sharma,1,25,1,3.0,0,4,8.33,18
10,DCO2,DC,kuldeep yadav,3,22,1,4.0,0,13,5.5,24
10,SRHO3,SRH,mohammad shami,0,31,2,3.0,0,7,10.33,18
10,SRHA2,SRH,abhishek sharma,0,27,2,3.0,0,4,9.0,18
10,SRHO2,SRH,pat cummins,0,27,2,2.0,0,2,13.5,12
10,SRHO4,SRH,harshal patel,0,17,2,3.0,0,7,5.67,18
10,SRHO1,SRH,zeeshan ansari,3,42,2,4.0,0,5,10.5,24
10,SRHA4,SRH,wiaan mulder,0,16,2,1.0,0,1,16.0,6
11,CSKO8,CSK,khaleel ahmed,2,38,1,4.0,0,12,9.5,24
11,CSKO1,CSK,jamie overton,0,30,1,2.0,0,2,15.0,12
11,CSKA9,CSK,ravichandran ashwin,1,46,1,4.0,0,6,11.5,24
11,CSKO7,CSK,noor ahmad,2,28,1,4.0,0,9,7.0,24
11,CSKO4,CSK,matheesha pathirana,2,28,1,4.0,0,11,7.0,24
11,CSKA6,CSK,ravindra jadeja,1,10,1,2.0,0,3,5.0,12
11,RRO9,RR,jofra archer,1,13,2,3.0,0,13,4.33,18
11,RRO2,RR,tushar deshpande,0,45,2,4.0,0,8,11.25,24
11,RRO11,RR,sandeep sharma,1,42,2,4.0,0,2,10.5,24
11,RRO6,RR,maheesh theekshana,0,30,2,4.0,0,4,7.5,24
11,RRA2,RR,wanindu hasaranga,4,35,2,4.0,0,12,8.75,24
11,RRO3,RR,kumar kartikeya singh,0,10,2,1.0,0,2,10.0,6
12,MIO5,MI,trent boult,1,23,1,4.0,0,14,5.75,24
12,MIO7,MI,deepak chahar,2,19,1,2.0,0,6,9.5,12
12,MIO2,MI,ashwani kumar,4,24,1,3.0,0,10,8.0,18
12,MIA2,MI,hardik pandya,1,10,1,2.0,0,6,5.0,12
12,MIO11,MI,vignesh puthur,1,21,1,2.0,0,4,10.5,12
12,MIA6,MI,mitchell santner,1,17,1,3.2,0,12,5.31,20
12,KKRO6,KKR,spencer johnson,0,14,2,2.0,0,7,7.0,12
12,KKRO4,KKR,harshit rana,0,28,2,2.0,0,5,14.0,12
12,KKRO1,KKR,varun chakaravarthy,0,12,2,3.0,0,9,4.0,18
12,KKRA6,KKR,andre russell,2,35,2,2.5,0,4,14.0,17
12,KKRA5,KKR,sunil narine,0,32,2,3.0,0,5,10.67,18
13,PBKSO2,PBKS,arshdeep singh,3,43,1,4.0,0,8,10.75,24
13,PBKSO09,PBKS,lockie ferguson,1,26,1,3.0,0,7,8.67,18
13,PBKSB06,PBKS,glenn maxwell,1,22,1,3.0,0,8,7.33,18
13,PBKSA9,PBKS,marco jansen,1,28,1,4.0,0,9,7.0,24
13,PBKSA2,PBKS,marcus stoinis,0,15,1,2.0,0,5,7.5,12
13,PBKSO3,PBKS,yuzvendra chahal,1,36,1,4.0,0,8,9.0,24
13,LSGA8,LSG,shardul thakur,0,39,2,3.0,0,6,13.0,18
13,LSGO5,LSG,avesh khan,0,30,2,3.0,0,5,10.0,18
13,LSGO8,LSG,digvesh rathi,2,30,2,4.0,0,10,7.5,24
13,LSGO1,LSG,ravi bishnoi,0,43,2,3.0,0,6,14.33,18
13,LSGO3,LSG,manimaran siddharth,0,28,2,3.0,0,3,9.33,18
13,LSGA3,LSG,abdul samad,0,6,2,0.2,0,1,30.0,2
14,GTO8,GT,mohammed siraj,3,19,1,4.0,0,14,4.75,24
14,GTA9,GT,arshad khan,1,17,1,2.0,0,6,8.5,12
14,GTO7,GT,prasidh krishna,1,26,1,4.0,0,13,6.5,24
14,GTO4,GT,ishant sharma,1,27,1,2.0,0,4,13.5,12
14,GTA8,GT,sai kishore,2,22,1,4.0,0,11,5.5,24
14,GTA7,GT,rashid khan,0,54,1,4.0,0,6,13.5,24
14,RCBO2,RCB,bhuvneshwar kumar,1,23,2,4.0,0,12,5.75,24
14,RCBO1,RCB,josh hazlewood,1,43,2,3.5,0,10,12.29,23
14,RCBO5,RCB,yash dayal,0,20,2,3.0,0,7,6.67,18
14,RCBO3,RCB,rasikh dar salam,0,35,2,3.0,0,5,11.67,18
14,RCBA1,RCB,krunal pandya,0,34,2,3.0,0,3,11.33,18
14,RCBA2,RCB,liam livingstone,0,12,2,1.0,0,2,12.0,6
15,SRHO3,SRH,mohammad shami,1,29,1,4.0,0,11,7.25,24
15,SRHO2,SRH,pat cummins,1,44,1,4.0,0,11,11.0,24
15,SRHO6,SRH,simarjeet singh,0,47,1,4.0,0,7,11.75,24
15,SRHO1,SRH,zeeshan ansari,1,25,1,3.0,0,6,8.33,18
15,SRHO4,SRH,harshal patel,1,43,1,4.0,0,6,10.75,24
15,SRHA3,SRH,kamindu mendis,1,4,1,1.0,0,2,4.0,6
15,KKRO3,KKR,vaibhav arora,3,29,2,4.0,1,12,7.25,24
15,KKRO4,KKR,harshit rana,1,15,2,3.0,0,9,5.0,18
15,KKRO1,KKR,varun chakaravarthy,3,22,2,4.0,0,11,5.5,24
15,KKRA6,KKR,andre russell,2,21,2,1.4,0,3,15.0,10
15,KKRA5,KKR,sunil narine,1,30,2,4.0,0,9,7.5,24
16,MIO5,MI,trent boult,1,28,1,3.0,0,8,9.33,18
16,MIO7,MI,deepak chahar,0,23,1,2.0,0,2,11.5,12
16,MIO2,MI,ashwani kumar,1,39,1,3.0,0,5,13.0,18
16,MIA6,MI,mitchell santner,0,46,1,4.0,0,5,11.5,24
16,MIO11,MI,vignesh puthur,1,31,1,4.0,0,8,7.75,24
16,MIA2,MI,hardik pandya,5,36,1,4.0,0,10,9.0,24
16,LSGA8,LSG,shardul thakur,1,40,2,4.0,0,3,10.0,24
16,LSGO2,LSG,akash deep,1,46,2,4.0,0,7,11.5,24
16,LSGO5,LSG,avesh khan,1,40,2,4.0,0,8,10.0,24
16,LSGO8,LSG,digvesh rathi,1,21,2,4.0,0,8,5.25,24
16,LSGO1,LSG,ravi bishnoi,0,40,2,4.0,0,4,10.0,24
17,CSKO8,CSK,khaleel ahmed,2,25,1,4.0,0,9,6.25,24
17,CSKO5,CSK,mukesh choudhary,0,50,1,4.0,0,6,12.5,24
17,CSKA9,CSK,ravichandran ashwin,0,21,1,3.0,0,4,7.0,18
17,CSKA6,CSK,ravindra jadeja,1,19,1,2.0,0,4,9.5,12
17,CSKO7,CSK,noor ahmad,1,36,1,3.0,0,2,12.0,18
17,CSKO4,CSK,matheesha pathirana,1,31,1,4.0,0,5,7.75,24
17,DCO8,DC,mitchell starc,1,27,2,4.0,0,12,6.75,24
17,DCO6,DC,mukesh kumar,1,36,2,4.0,0,5,9.0,24
17,DCO4,DC,mohit sharma,0,27,2,3.0,0,3,9.0,18
17,DCO1,DC,vipraj nigam,2,27,2,4.0,0,9,6.75,24
17,DCO2,DC,kuldeep yadav,1,30,2,4.0,0,4,7.5,24
17,DCA3,DC,axar patel,0,5,2,1.0,0,1,5.0,6
18,PBKSO2,PBKS,arshdeep singh,1,35,1,4.0,0,10,8.75,24
18,PBKSA9,PBKS,marco jansen,1,45,1,4.0,0,7,11.25,24
18,PBKSO09,PBKS,lockie ferguson,2,37,1,4.0,0,10,9.25,24
18,PBKSB06,PBKS,glenn maxwell,0,6,1,1.0,0,3,6.0,6
18,PBKSO3,PBKS,yuzvendra chahal,0,32,1,3.0,0,2,10.67,18
18,PBKSA2,PBKS,marcus stoinis,0,48,1,4.0,0,4,12.0,24
18,RRO9,RR,jofra archer,3,25,2,4.0,0,14,6.25,24
18,RRO1,RR,yudhvir singh charak,0,20,2,2.0,0,5,10.0,12
18,RRO11,RR,sandeep sharma,2,21,2,4.0,0,6,5.25,24
18,RRO6,RR,maheesh theekshana,2,26,2,4.0,0,9,6.5,24
18,RRO3,RR,kumar kartikeya singh,1,21,2,2.0,0,4,10.5,12
18,RRA2,RR,wanindu hasaranga,1,36,2,4.0,0,4,9.0,24
21,KKRO3,KKR,vaibhav arora,0,35,1,4.0,0,9,8.75,24
21,KKRO6,KKR,spencer johnson,0,46,1,3.0,0,3,15.33,18
21,KKRO1,KKR,varun chakaravarthy,0,31,1,4.0,0,9,7.75,24
21,KKRO4,KKR,harshit rana,2,51,1,4.0,0,5,12.75,24
21,KKRA5,KKR,sunil narine,0,38,1,3.0,0,6,12.67,18
21,KKRA6,KKR,andre russell,1,32,1,2.0,0,4,16.0,12
21,LSGO2,LSG,akash deep,2,55,2,4.0,0,9,13.75,24
21,LSGA8,LSG,shardul thakur,2,52,2,4.0,0,10,13.0,24
21,LSGO5,LSG,avesh khan,1,45,2,4.0,0,8,11.25,24
21,LSGO8,LSG,digvesh rathi,1,33,2,4.0,0,8,8.25,24
21,LSGO1,LSG,ravi bishnoi,1,47,2,4.0,0,7,11.75,24
19,GTO8,GT,mohammed siraj,4,17,1,4.0,0,17,4.25,24
19,GTO4,GT,ishant sharma,0,53,1,4.0,0,5,13.25,24
19,GTO7,GT,prasidh krishna,2,25,1,4.0,0,9,6.25,24
19,GTA7,GT,rashid khan,0,31,1,4.0,0,9,7.75,24
19,GTA8,GT,sai kishore,2,24,1,4.0,0,7,6.0,24
19,SRHO3,SRH,mohammad shami,2,28,2,4.0,0,10,7.0,24
19,SRHO2,SRH,pat cummins,1,26,2,3.4,0,8,7.65,22
19,SRHO6,SRH,simarjeet singh,0,20,2,1.0,0,2,20.0,6
19,SRHO8,SRH,jaydev unadkat,0,16,2,2.0,0,2,8.0,12
19,SRHO1,SRH,zeeshan ansari,0,33,2,4.0,0,4,8.25,24
19,SRHA3,SRH,kamindu mendis,0,12,2,1.0,0,1,12.0,6
19,SRHA2,SRH,abhishek sharma,0,18,2,1.0,0,1,18.0,6
20,MIO5,MI,trent boult,2,57,1,4.0,0,8,14.25,24
20,MIO7,MI,deepak chahar,0,29,1,2.0,0,2,14.5,12
20,MIO1,MI,jasprit bumrah,0,29,1,4.0,0,5,7.25,24
20,MIA4,MI,will jacks,0,10,1,1.0,0,2,10.0,6
20,MIA6,MI,mitchell santner,0,40,1,4.0,0,6,10.0,24
20,MIA2,MI,hardik pandya,2,45,1,4.0,0,8,11.25,24
20,MIO11,MI,vignesh puthur,1,10,1,1.0,0,1,10.0,6
20,RCBO2,RCB,bhuvneshwar kumar,1,48,2,4.0,0,9,12.0,24
20,RCBO5,RCB,yash dayal,2,46,2,4.0,0,8,11.5,24
20,RCBO1,RCB,josh hazlewood,2,37,2,4.0,0,12,9.25,24
20,RCBO4,RCB,suyash sharma,0,32,2,4.0,0,11,8.0,24
20,RCBA1,RCB,krunal pandya,4,45,2,4.0,0,8,11.25,24
22,CSKO8,CSK,khaleel ahmed,2,45,1,4.0,0,9,11.25,24
22,CSKO5,CSK,mukesh choudhary,1,21,1,2.0,0,5,10.5,12
22,CSKA9,CSK,ravichandran ashwin,2,48,1,4.0,0,7,12.0,24
22,CSKA6,CSK,ravindra jadeja,0,18,1,3.0,0,7,6.0,18
22,CSKO7,CSK,noor ahmad,1,32,1,3.0,0,4,10.67,18
22,CSKO4,CSK,matheesha pathirana,0,52,1,4.0,0,4,13.0,24
22,PBKSO2,PBKS,arshdeep singh,0,39,2,4.0,0,6,9.75,24
22,PBKSO6,PBKS,yash thakur,1,39,2,4.0,0,8,9.75,24
22,PBKSB06,PBKS,glenn maxwell,1,11,2,2.0,0,4,5.5,12
22,PBKSA9,PBKS,marco jansen,0,48,2,4.0,0,4,12.0,24
22,PBKSO09,PBKS,lockie ferguson,2,40,2,4.0,0,10,10.0,24
22,PBKSA2,PBKS,marcus stoinis,0,10,2,1.0,0,2,10.0,6
22,PBKSO3,PBKS,yuzvendra chahal,0,9,2,1.0,0,0,9.0,6
23,RRO9,RR,jofra archer,1,30,1,4.0,0,10,7.5,24
23,RRO7,RR,fazalhaq farooqi,0,38,1,4.0,0,6,9.5,24
23,RRO2,RR,tushar deshpande,2,53,1,4.0,0,7,13.25,24
23,RRO11,RR,sandeep sharma,1,41,1,4.0,0,6,10.25,24
23,RRO6,RR,maheesh theekshana,2,54,1,4.0,0,5,13.5,24
23,GTO8,GT,mohammed siraj,1,30,2,4.0,0,15,7.5,24
23,GTA9,GT,arshad khan,1,19,2,2.0,0,5,9.5,12
23,GTO7,GT,prasidh krishna,3,24,2,4.0,0,12,6.0,24
23,GTO6,GT,kulwant khejroliya,1,29,2,3.0,0,4,9.67,18
23,GTA7,GT,rashid khan,2,37,2,4.0,0,6,9.25,24
23,GTA8,GT,sai kishore,2,20,2,2.2,0,3,9.09,14
24,RCBO2,RCB,bhuvneshwar kumar,2,26,2,4.0,0,12,6.5,24
24,RCBO5,RCB,yash dayal,1,45,2,3.5,0,5,12.86,23
24,RCBO1,RCB,josh hazlewood,0,40,2,3.0,0,2,13.33,18
24,RCBO4,RCB,suyash sharma,1,25,2,4.0,0,12,6.25,24
24,RCBA1,RCB,krunal pandya,0,19,2,2.0,0,1,9.5,12
24,RCBA2,RCB,liam livingstone,0,14,2,1.0,0,0,14.0,6
24,DCO8,DC,mitchell starc,0,35,1,3.0,0,9,11.67,18
24,DCA3,DC,axar patel,0,52,1,4.0,0,8,13.0,24
24,DCO1,DC,vipraj nigam,2,18,1,4.0,0,12,4.5,24
24,DCO6,DC,mukesh kumar,1,26,1,3.0,1,10,8.67,18
24,DCO2,DC,kuldeep yadav,2,17,1,4.0,0,11,4.25,24
24,DCO4,DC,mohit sharma,1,10,1,2.0,0,5,5.0,12
25,KKRO3,KKR,vaibhav arora,1,31,1,4.0,0,10,7.75,24
25,KKRA4,KKR,moeen ali,1,20,1,4.0,1,11,5.0,24
25,KKRO4,KKR,harshit rana,2,16,1,4.0,0,17,4.0,24
25,KKRO1,KKR,varun chakaravarthy,2,22,1,4.0,0,11,5.5,24
25,KKRA5,KKR,sunil narine,3,13,1,4.0,0,12,3.25,24
25,CSKO8,CSK,khaleel ahmed,0,40,2,3.0,0,8,13.33,18
25,CSKA7,CSK,anshul kamboj,1,19,2,2.0,0,4,9.5,12
25,CSKA9,CSK,ravichandran ashwin,0,30,2,3.0,0,7,10.0,18
25,CSKO7,CSK,noor ahmad,1,8,2,2.0,0,7,4.0,12
25,CSKA6,CSK,ravindra jadeja,0,9,2,0.1,0,0,90.0,1
26,LSGA8,LSG,shardul thakur,2,34,1,4.0,0,9,8.5,24
26,LSGO2,LSG,akash deep,0,33,1,3.0,0,4,11.0,18
26,LSGO8,LSG,digvesh rathi,1,30,1,4.0,0,5,7.5,24
26,LSGO5,LSG,avesh khan,1,32,1,4.0,0,6,8.0,24
26,LSGO1,LSG,ravi bishnoi,2,36,1,4.0,0,6,9.0,24
26,LSGB3,LSG,aiden markram,0,15,1,1.0,0,0,15.0,6
26,GTO8,GT,mohammed siraj,0,50,2,4.0,0,5,12.5,24
26,GTA9,GT,arshad khan,0,11,2,2.0,0,7,5.5,12
26,GTO7,GT,prasidh krishna,2,26,2,4.0,0,11,6.5,24
26,GTA7,GT,rashid khan,1,35,2,4.0,0,7,8.75,24
26,GTA12,GT,washington sundar,1,28,2,4.0,0,10,7.0,24
26,GTA8,GT,sai kishore,0,35,2,1.3,0,0,26.92,9
27,PBKSO2,PBKS,arshdeep singh,1,37,2,4.0,0,11,9.25,24
27,PBKSA9,PBKS,marco jansen,0,39,2,2.0,0,2,19.5,12
27,PBKSO6,PBKS,yash thakur,0,40,2,2.3,0,3,17.39,15
27,PBKSB06,PBKS,glenn maxwell,0,40,2,3.0,0,3,13.33,18
27,PBKSO09,PBKS,lockie ferguson,0,1,2,0.2,0,1,5.0,2
27,PBKSA2,PBKS,marcus stoinis,0,6,2,0.4,0,2,15.0,4
27,PBKSO3,PBKS,yuzvendra chahal,1,56,2,4.0,0,3,14.0,24
27,PBKSA5,PBKS,shashank singh,0,27,2,2.0,0,3,13.5,12
27,SRHO3,SRH,mohammad shami,0,75,1,4.0,0,3,18.75,24
27,SRHO2,SRH,pat cummins,0,40,1,4.0,0,9,10.0,24
27,SRHO4,SRH,harshal patel,4,42,1,4.0,0,7,10.5,24
27,SRHO7,SRH,eshan malinga,2,45,1,4.0,0,6,11.25,24
27,SRHO1,SRH,zeeshan ansari,0,41,1,4.0,0,4,10.25,24
28,RCBO2,RCB,bhuvneshwar kumar,1,32,1,4.0,0,8,8.0,24
28,RCBO5,RCB,yash dayal,1,36,1,4.0,0,9,9.0,24
28,RCBO1,RCB,josh hazlewood,1,26,1,3.0,0,7,8.67,18
28,RCBA1,RCB,krunal pandya,1,29,1,4.0,0,6,7.25,24
28,RCBA2,RCB,liam livingstone,0,8,1,1.0,0,1,8.0,6
28,RCBO4,RCB,suyash sharma,0,39,1,4.0,0,5,9.75,24
28,RRO9,RR,jofra archer,0,36,2,4.0,0,11,9.0,24
28,RRO2,RR,tushar deshpande,0,21,2,2.0,0,3,10.5,12
28,RRO11,RR,sandeep sharma,0,29,2,2.3,0,3,12.61,15
28,RRO6,RR,maheesh theekshana,0,21,2,2.0,0,2,10.5,12
28,RRO3,RR,kumar kartikeya singh,1,25,2,3.0,0,6,8.33,18
28,RRA2,RR,wanindu hasaranga,0,33,2,3.0,0,5,11.0,18
28,RRA1,RR,riyan parag,0,10,2,1.0,0,1,10.0,6
29,DCO8,DC,mitchell starc,0,43,1,3.0,0,5,14.33,18
29,DCO6,DC,mukesh kumar,1,38,1,4.0,0,9,9.5,24
29,DCO1,DC,vipraj nigam,2,41,1,4.0,0,10,10.25,24
29,DCO2,DC,kuldeep yadav,2,23,1,4.0,0,11,5.75,24
29,DCA3,DC,axar patel,0,19,1,2.0,0,4,9.5,12
29,DCO4,DC,mohit sharma,0,40,1,3.0,0,3,13.33,18
29,MIO7,MI,deepak chahar,1,24,2,3.0,0,6,8.0,18
29,MIO5,MI,trent boult,0,21,2,2.0,0,5,10.5,12
29,MIO1,MI,jasprit bumrah,1,44,2,4.0,0,10,11.0,24
29,MIA6,MI,mitchell santner,2,43,2,4.0,0,3,10.75,24
29,MIA2,MI,hardik pandya,0,21,2,2.0,0,4,10.5,12
29,MIO4,MI,karn sharma,3,36,2,4.0,0,8,9.0,24
30,CSKO8,CSK,khaleel ahmed,1,38,1,4.0,0,12,9.5,24
30,CSKA7,CSK,anshul kamboj,1,20,1,3.0,0,9,6.67,18
30,CSKO1,CSK,jamie overton,0,24,1,2.0,0,4,12.0,12
30,CSKA6,CSK,ravindra jadeja,2,24,1,3.0,0,6,8.0,18
30,CSKO7,CSK,noor ahmad,0,13,1,4.0,0,13,3.25,24
30,CSKO4,CSK,matheesha pathirana,2,45,1,4.0,0,10,11.25,24
30,LSGA8,LSG,shardul thakur,0,56,2,4.0,0,7,14.0,24
30,LSGO2,LSG,akash deep,0,13,2,1.0,0,2,13.0,6
30,LSGO8,LSG,digvesh rathi,1,23,2,4.0,0,10,5.75,24
30,LSGO5,LSG,avesh khan,1,32,2,3.3,0,6,9.7,21
30,LSGO1,LSG,ravi bishnoi,2,18,2,3.0,0,9,6.0,18
30,LSGB3,LSG,aiden markram,1,25,2,4.0,0,6,6.25,24
31,PBKSA9,PBKS,marco jansen,3,17,2,3.1,0,12,5.48,19
31,PBKSO7,PBKS,xavier bartlett,1,30,2,3.0,0,8,10.0,18
31,PBKSO2,PBKS,arshdeep singh,1,11,2,3.0,1,10,3.67,18
31,PBKSO3,PBKS,yuzvendra chahal,4,28,2,4.0,0,14,7.0,24
31,PBKSB06,PBKS,glenn maxwell,1,5,2,2.0,0,7,2.5,12
31,KKRO3,KKR,vaibhav arora,1,26,1,2.3,0,4,11.3,15
31,KKRO5,KKR,anrich nortje,1,23,1,3.0,0,10,7.67,18
31,KKRO4,KKR,harshit rana,3,25,1,3.0,0,13,8.33,18
31,KKRO1,KKR,varun chakaravarthy,2,21,1,4.0,0,10,5.25,24
31,KKRA5,KKR,sunil narine,2,14,1,3.0,0,9,4.67,18
32,DCO8,DC,mitchell starc,1,36,2,4.0,0,7,9.0,24
32,DCO6,DC,mukesh kumar,0,31,2,3.0,0,5,10.33,18
32,DCO4,DC,mohit sharma,0,38,2,4.0,0,5,9.5,24
32,DCO1,DC,vipraj nigam,0,13,2,1.0,0,3,13.0,6
32,DCA3,DC,axar patel,1,23,2,3.0,0,9,7.67,18
32,DCO2,DC,kuldeep yadav,1,33,2,4.0,0,7,8.25,24
32,DCW1,DC,tristan stubbs,0,12,2,1.0,0,2,12.0,6
32,RRO9,RR,jofra archer,2,32,1,4.0,0,10,8.0,24
32,RRO2,RR,tushar deshpande,0,38,1,3.0,0,2,12.67,18
32,RRO11,RR,sandeep sharma,0,33,1,4.0,0,7,8.25,24
32,RRO6,RR,maheesh theekshana,1,40,1,4.0,0,7,10.0,24
32,RRA2,RR,wanindu hasaranga,1,38,1,4.0,0,7,9.5,24
32,RRA1,RR,riyan parag,0,6,1,1.0,0,1,6.0,6
33,MIO7,MI,deepak chahar,0,47,1,4.0,0,9,11.75,24
33,MIO5,MI,trent boult,1,29,1,4.0,0,6,7.25,24
33,MIO1,MI,jasprit bumrah,1,21,1,4.0,0,8,5.25,24
33,MIA4,MI,will jacks,2,14,1,3.0,0,9,4.67,18
33,MIA2,MI,hardik pandya,1,42,1,4.0,0,6,10.5,24
33,MIA6,MI,mitchell santner,0,8,1,1.0,0,1,8.0,6
33,SRHO3,SRH,mohammad shami,0,28,2,3.0,0,7,9.33,18
33,SRHO2,SRH,pat cummins,3,26,2,4.0,0,13,6.5,24
33,SRHO7,SRH,eshan malinga,2,36,2,4.0,0,7,9.0,24
33,SRHO1,SRH,zeeshan ansari,0,35,2,3.1,0,8,11.29,19
33,SRHO4,SRH,harshal patel,1,31,2,3.0,0,2,10.33,18
33,SRHO5,SRH,rahul chahar,0,9,2,1.0,0,2,9.0,6
34,PBKSO2,PBKS,arshdeep singh,2,23,1,3.0,0,8,7.67,18
34,PBKSO7,PBKS,xavier bartlett,1,26,1,3.0,0,9,8.67,18
34,PBKSA9,PBKS,marco jansen,2,10,1,3.0,0,11,3.33,18
34,PBKSO3,PBKS,yuzvendra chahal,2,11,1,3.0,0,7,3.67,18
34,PBKSO1,PBKS,harpreet brar,2,25,1,2.0,0,8,12.5,12
34,RCBO2,RCB,bhuvneshwar kumar,2,26,2,3.0,0,7,8.67,18
34,RCBO5,RCB,yash dayal,0,18,2,2.1,0,5,8.57,13
34,RCBO1,RCB,josh hazlewood,3,14,2,3.0,0,10,4.67,18
34,RCBA1,RCB,krunal pandya,0,10,2,1.0,0,2,10.0,6
34,RCBO4,RCB,suyash sharma,0,25,2,3.0,0,9,8.33,18
35,GTO8,GT,mohammed siraj,1,47,1,4.0,0,7,11.75,24
35,GTA9,GT,arshad khan,1,46,1,4.0,0,6,11.5,24
35,GTO7,GT,prasidh krishna,4,41,1,4.0,0,8,10.25,24
35,GTA7,GT,rashid khan,0,38,1,4.0,0,3,9.5,24
35,GTO4,GT,ishant sharma,1,19,1,3.0,0,5,6.33,18
35,GTA8,GT,sai kishore,1,9,1,1.0,0,2,9.0,6
35,DCO8,DC,mitchell starc,0,49,2,3.2,0,4,15.31,20
35,DCO6,DC,mukesh kumar,1,40,2,4.0,0,6,10.0,24
35,DCA3,DC,axar patel,0,18,2,2.0,0,3,9.0,12
35,DCO1,DC,vipraj nigam,0,34,2,4.0,0,10,8.5,24
35,DCO2,DC,kuldeep yadav,1,30,2,4.0,0,7,7.5,24
35,DCO4,DC,mohit sharma,0,28,2,2.0,0,1,14.0,12
36,RRO9,RR,jofra archer,1,32,1,4.0,0,9,8.0,24
36,RRO6,RR,maheesh theekshana,0,32,1,4.0,0,7,8.0,24
36,RRO11,RR,sandeep sharma,1,55,1,4.0,0,6,13.75,24
36,RRO2,RR,tushar deshpande,1,26,1,4.0,0,8,6.5,24
36,RRA2,RR,wanindu hasaranga,2,31,1,4.0,0,8,7.75,24
36,LSGA8,LSG,shardul thakur,1,34,2,3.0,0,5,11.33,18
36,LSGO5,LSG,avesh khan,3,37,2,4.0,0,6,9.25,24
36,LSGO8,LSG,digvesh rathi,0,30,2,4.0,0,7,7.5,24
36,LSGB3,LSG,aiden markram,1,18,2,2.0,0,4,9.0,12
36,LSGO6,LSG,prince yadav,0,39,2,4.0,0,10,9.75,24
36,LSGO1,LSG,ravi bishnoi,0,19,2,3.0,0,7,6.33,18
37,PBKSO2,PBKS,arshdeep singh,1,26,2,3.0,0,6,8.67,18
37,PBKSO7,PBKS,xavier bartlett,0,28,2,3.0,0,8,9.33,18
37,PBKSO1,PBKS,harpreet brar,1,27,2,4.0,0,6,6.75,24
37,PBKSA9,PBKS,marco jansen,0,20,2,3.0,0,7,6.67,18
37,PBKSO3,PBKS,yuzvendra chahal,1,36,2,4.0,0,5,9.0,24
37,PBKSA2,PBKS,marcus stoinis,0,13,2,1.0,0,2,13.0,6
37,PBKSB1,PBKS,nehal wadhera,0,9,2,0.5,0,1,18.0,5
37,RCBO2,RCB,bhuvneshwar kumar,0,26,1,4.0,0,9,6.5,24
37,RCBO5,RCB,yash dayal,0,22,1,2.0,0,3,11.0,12
37,RCBO1,RCB,josh hazlewood,0,39,1,4.0,0,6,9.75,24
37,RCBA1,RCB,krunal pandya,2,25,1,4.0,0,10,6.25,24
37,RCBA5,RCB,romario shepherd,1,18,1,2.0,0,3,9.0,12
37,RCBO4,RCB,suyash sharma,2,26,1,4.0,0,7,6.5,24
38,CSKO8,CSK,khaleel ahmed,0,24,2,2.0,0,6,12.0,12
38,CSKO1,CSK,jamie overton,0,29,2,2.0,0,4,14.5,12
38,CSKA9,CSK,ravichandran ashwin,0,25,2,4.0,0,7,6.25,24
38,CSKA6,CSK,ravindra jadeja,1,28,2,3.0,0,6,9.33,18
38,CSKO7,CSK,noor ahmad,0,36,2,3.0,0,3,12.0,18
38,CSKO4,CSK,matheesha pathirana,0,34,2,1.4,0,2,24.29,10
38,MIO7,MI,deepak chahar,1,32,1,4.0,0,11,8.0,24
38,MIO5,MI,trent boult,0,43,1,4.0,0,7,10.75,24
38,MIO2,MI,ashwani kumar,1,42,1,2.0,0,1,21.0,12
38,MIA6,MI,mitchell santner,1,14,1,3.0,0,7,4.67,18
38,MIO1,MI,jasprit bumrah,2,25,1,4.0,0,9,6.25,24
38,MIA4,MI,will jacks,0,4,1,1.0,0,3,4.0,6
38,MIA2,MI,hardik pandya,0,13,1,2.0,0,4,6.5,12
39,GTO8,GT,mohammed siraj,1,32,2,4.0,0,13,8.0,24
39,GTO4,GT,ishant sharma,1,18,2,2.0,0,5,9.0,12
39,GTO7,GT,prasidh krishna,2,25,2,4.0,0,12,6.25,24
39,GTA7,GT,rashid khan,2,25,2,4.0,0,11,6.25,24
39,GTA12,GT,washington sundar,1,36,2,3.0,0,2,12.0,18
39,GTA8,GT,sai kishore,1,19,2,3.0,0,4,6.33,18
39,KKRO3,KKR,vaibhav arora,1,44,1,4.0,0,7,11.0,24
39,KKRA4,KKR,moeen ali,0,27,1,3.0,0,6,9.0,18
39,KKRO4,KKR,harshit rana,1,45,1,4.0,0,5,11.25,24
39,KKRO1,KKR,varun chakaravarthy,0,33,1,4.0,0,7,8.25,24
39,KKRA5,KKR,sunil narine,0,36,1,4.0,0,4,9.0,24
39,KKRA6,KKR,andre russell,1,13,1,1.0,0,2,13.0,6
40,DCA3,DC,axar patel,0,29,1,4.0,0,6,7.25,24
40,DCO8,DC,mitchell starc,1,25,1,4.0,0,9,6.25,24
40,DCO6,DC,mukesh kumar,4,33,1,4.0,0,11,8.25,24
40,DCO3,DC,dushmantha chameera,1,25,1,3.0,0,4,8.33,18
40,DCO1,DC,vipraj nigam,0,14,1,1.0,0,0,14.0,6
40,DCO2,DC,kuldeep yadav,0,33,1,4.0,0,4,8.25,24
40,LSGA8,LSG,shardul thakur,0,28,2,2.0,0,3,14.0,12
40,LSGO8,LSG,digvesh rathi,0,24,2,4.0,0,8,6.0,24
40,LSGO6,LSG,prince yadav,0,23,2,2.5,0,6,9.2,17
40,LSGB3,LSG,aiden markram,2,30,2,3.0,0,4,10.0,18
40,LSGO5,LSG,avesh khan,0,19,2,3.0,0,9,6.33,18
40,LSGO1,LSG,ravi bishnoi,0,36,2,3.0,0,4,12.0,18
41,MIO7,MI,deepak chahar,2,12,1,4.0,0,17,3.0,24
41,MIO5,MI,trent boult,4,26,1,4.0,0,12,6.5,24
41,MIO1,MI,jasprit bumrah,1,39,1,4.0,0,8,9.75,24
41,MIA6,MI,mitchell santner,0,19,1,4.0,0,9,4.75,24
41,MIA2,MI,hardik pandya,1,31,1,3.0,0,6,10.33,18
41,MIO11,MI,vignesh puthur,0,15,1,1.0,0,2,15.0,6
41,SRHO2,SRH,pat cummins,0,31,2,3.0,0,7,10.33,18
41,SRHO8,SRH,jaydev unadkat,1,25,2,3.0,0,7,8.33,18
41,SRHO4,SRH,harshal patel,0,21,2,3.0,0,6,7.0,18
41,SRHO7,SRH,eshan malinga,1,33,2,3.0,0,6,11.0,18
41,SRHO1,SRH,zeeshan ansari,1,36,2,3.4,0,6,10.59,22
42,RRO9,RR,jofra archer,1,33,1,4.0,0,12,8.25,24
42,RRO7,RR,fazalhaq farooqi,0,30,1,3.0,0,3,10.0,18
42,RRO2,RR,tushar deshpande,0,36,1,2.0,0,2,18.0,12
42,RRO11,RR,sandeep sharma,2,45,1,4.0,0,6,11.25,24
42,RRA2,RR,wanindu hasaranga,1,30,1,4.0,0,4,7.5,24
42,RRA1,RR,riyan parag,0,30,1,3.0,0,5,10.0,18
42,RCBO2,RCB,bhuvneshwar kumar,1,50,2,4.0,0,11,12.5,24
42,RCBO5,RCB,yash dayal,1,33,2,3.0,0,5,11.0,18
42,RCBO1,RCB,josh hazlewood,4,33,2,4.0,0,15,8.25,24
42,RCBA5,RCB,romario shepherd,0,15,2,1.0,0,2,15.0,6
42,RCBO4,RCB,suyash sharma,0,31,2,4.0,0,8,7.75,24
42,RCBA1,RCB,krunal pandya,2,31,2,4.0,0,5,7.75,24
43,SRHO3,SRH,mohammad shami,1,28,1,3.0,0,7,9.33,18
43,SRHO2,SRH,pat cummins,2,21,1,4.0,0,9,5.25,24
43,SRHO8,SRH,jaydev unadkat,2,21,1,2.5,0,7,8.4,17
43,SRHO4,SRH,harshal patel,4,28,1,4.0,0,14,7.0,24
43,SRHO1,SRH,zeeshan ansari,0,27,1,3.0,0,5,9.0,18
43,SRHA3,SRH,kamindu mendis,1,26,1,3.0,0,7,8.67,18
43,CSKO8,CSK,khaleel ahmed,1,21,2,3.0,0,9,7.0,18
43,CSKA7,CSK,anshul kamboj,1,16,2,3.0,0,12,5.33,18
43,CSKO7,CSK,noor ahmad,2,42,2,4.0,0,7,10.5,24
43,CSKA6,CSK,ravindra jadeja,1,22,2,3.4,0,7,6.47,22
43,CSKA8,CSK,sam curran,0,25,2,2.0,0,2,12.5,12
43,CSKO4,CSK,matheesha pathirana,0,27,2,3.0,0,9,9.0,18
44,PBKSA9,PBKS,marco jansen,0,6,2,1.0,0,4,6.0,6
44,KKRO3,KKR,vaibhav arora,2,34,1,4.0,0,9,8.5,24
44,KKRO8,KKR,chetan sakariya,0,39,1,3.0,0,3,13.0,18
44,KKRO4,KKR,harshit rana,0,27,1,2.0,0,4,13.5,12
44,KKRO1,KKR,varun chakaravarthy,1,39,1,4.0,0,8,9.75,24
44,KKRA5,KKR,sunil narine,0,35,1,4.0,0,6,8.75,24
44,KKRA6,KKR,andre russell,1,27,1,3.0,0,4,9.0,18
45,LSGO10,LSG,mayank yadav,2,40,1,4.0,0,12,10.0,24
45,LSGO6,LSG,prince yadav,1,44,1,4.0,0,6,11.0,24
45,LSGO8,LSG,digvesh rathi,1,48,1,4.0,0,5,12.0,24
45,LSGO1,LSG,ravi bishnoi,1,41,1,4.0,0,7,10.25,24
45,LSGO5,LSG,avesh khan,2,42,1,4.0,0,6,10.5,24
45,MIO5,MI,trent boult,3,20,2,4.0,0,11,5.0,24
45,MIO7,MI,deepak chahar,0,38,2,3.0,0,8,12.67,18
45,MIO1,MI,jasprit bumrah,4,22,2,4.0,0,14,5.5,24
45,MIA4,MI,will jacks,2,18,2,2.0,0,4,9.0,12
45,MIO4,MI,karn sharma,0,25,2,2.0,0,2,12.5,12
45,MIA2,MI,hardik pandya,0,10,2,1.0,0,2,10.0,6
45,MIA8,MI,corbin bosch,1,26,2,4.0,0,14,6.5,24
46,RCBO2,RCB,bhuvneshwar kumar,3,33,1,4.0,0,10,8.25,24
46,RCBO5,RCB,yash dayal,1,42,1,4.0,0,10,10.5,24
46,RCBO1,RCB,josh hazlewood,2,36,1,4.0,0,10,9.0,24
46,RCBO4,RCB,suyash sharma,0,22,1,4.0,0,8,5.5,24
46,RCBA1,RCB,krunal pandya,1,28,1,4.0,0,5,7.0,24
46,DCA3,DC,axar patel,2,19,2,4.0,0,9,4.75,24
46,DCO8,DC,mitchell starc,0,31,2,3.0,0,6,10.33,18
46,DCO6,DC,mukesh kumar,0,51,2,3.3,0,7,15.45,21
46,DCO1,DC,vipraj nigam,0,12,2,1.0,0,1,12.0,6
46,DCO2,DC,kuldeep yadav,0,28,2,4.0,0,8,7.0,24
46,DCO3,DC,dushmantha chameera,1,24,2,3.0,0,3,8.0,18
47,RRO9,RR,jofra archer,1,49,1,4.0,0,6,12.25,24
47,RRO6,RR,maheesh theekshana,2,35,1,4.0,0,4,8.75,24
47,RRO1,RR,yudhvir singh charak,0,38,1,3.0,0,6,12.67,18
47,RRO11,RR,sandeep sharma,1,33,1,4.0,0,7,8.25,24
47,RRA1,RR,riyan parag,0,14,1,1.0,0,0,14.0,6
47,RRA2,RR,wanindu hasaranga,0,39,1,4.0,0,5,9.75,24
47,GTO8,GT,mohammed siraj,0,24,2,2.0,0,4,12.0,12
47,GTO4,GT,ishant sharma,0,36,2,2.0,0,4,18.0,12
47,GTA12,GT,washington sundar,0,34,2,1.5,0,1,22.67,11
47,GTO7,GT,prasidh krishna,1,47,2,4.0,0,7,11.75,24
47,GTA7,GT,rashid khan,1,24,2,4.0,0,10,6.0,24
47,GTA11,GT,karim janat,0,30,2,1.0,0,0,30.0,6
47,GTA8,GT,sai kishore,0,16,2,1.0,0,2,16.0,6
48,DCO8,DC,mitchell starc,3,43,1,4.0,0,12,10.75,24
48,DCO3,DC,dushmantha chameera,1,46,1,3.0,0,4,15.33,18
48,DCO6,DC,mukesh kumar,0,17,1,2.0,0,6,8.5,12
48,DCO1,DC,vipraj nigam,2,41,1,4.0,0,7,10.25,24
48,DCA3,DC,axar patel,2,27,1,4.0,0,6,6.75,24
48,DCO2,DC,kuldeep yadav,0,27,1,3.0,0,7,9.0,18
48,KKRA1,KKR,anukul roy,1,27,2,4.0,0,8,6.75,24
48,KKRO3,KKR,vaibhav arora,1,19,2,2.0,0,5,9.5,12
48,KKRO4,KKR,harshit rana,0,49,2,4.0,0,8,12.25,24
48,KKRO1,KKR,varun chakaravarthy,2,39,2,4.0,0,8,9.75,24
48,KKRA5,KKR,sunil narine,3,29,2,4.0,0,10,7.25,24
48,KKRA6,KKR,andre russell,1,22,2,2.0,0,5,11.0,12
49,PBKSO2,PBKS,arshdeep singh,2,25,1,3.2,0,12,7.81,20
49,PBKSA9,PBKS,marco jansen,2,30,1,4.0,0,13,7.5,24
49,PBKSA8,PBKS,azmatullah omarzai,1,39,1,4.0,0,6,9.75,24
49,PBKSO1,PBKS,harpreet brar,1,21,1,2.0,0,5,10.5,12
49,PBKSO3,PBKS,yuzvendra chahal,4,32,1,3.0,0,5,10.67,18
49,PBKSA4,PBKS,suryansh shedge,0,40,1,3.0,0,1,13.33,18
49,CSKO8,CSK,khaleel ahmed,2,28,2,3.4,0,13,8.24,22
49,CSKA7,CSK,anshul kamboj,0,20,2,2.0,0,3,10.0,12
49,CSKA6,CSK,ravindra jadeja,1,32,2,3.0,0,6,10.67,18
49,CSKO7,CSK,noor ahmad,1,39,2,4.0,0,5,9.75,24
49,CSKA8,CSK,sam curran,0,27,2,3.0,0,3,9.0,18
49,CSKO4,CSK,matheesha pathirana,2,45,2,4.0,0,6,11.25,24
50,MIO7,MI,deepak chahar,1,13,2,2.0,0,9,6.5,12
50,MIO5,MI,trent boult,3,28,2,2.1,0,5,13.33,13
50,MIO1,MI,jasprit bumrah,2,15,2,4.0,0,15,3.75,24
50,MIA8,MI,corbin bosch,0,29,2,3.0,0,10,9.67,18
50,MIA2,MI,hardik pandya,1,2,2,1.0,0,4,2.0,6
50,MIO4,MI,karn sharma,3,23,2,4.0,0,10,5.75,24
50,RRO9,RR,jofra archer,0,42,1,4.0,0,6,10.5,24
50,RRO7,RR,fazalhaq farooqi,0,54,1,4.0,0,8,13.5,24
50,RRO6,RR,maheesh theekshana,1,47,1,4.0,0,6,11.75,24
50,RRO3,RR,kumar kartikeya singh,0,22,1,2.0,0,4,11.0,12
50,RRO4,RR,akash madhwal,0,39,1,4.0,0,5,9.75,24
50,RRA1,RR,riyan parag,1,12,1,2.0,0,5,6.0,12
51,SRHO3,SRH,mohammad shami,0,48,1,3.0,0,2,16.0,18
51,SRHO8,SRH,jaydev unadkat,3,35,1,4.0,0,8,8.75,24
51,SRHO2,SRH,pat cummins,1,40,1,4.0,0,6,10.0,24
51,SRHO4,SRH,harshal patel,0,41,1,3.0,0,1,13.67,18
51,SRHO1,SRH,zeeshan ansari,1,42,1,4.0,0,4,10.5,24
51,SRHA3,SRH,kamindu mendis,0,18,1,2.0,0,1,9.0,12
51,GTO8,GT,mohammed siraj,2,33,2,4.0,0,10,8.25,24
51,GTO4,GT,ishant sharma,1,35,2,3.2,0,7,10.94,20
51,GTO7,GT,prasidh krishna,2,19,2,4.0,0,10,4.75,24
51,GTO1,GT,gerald coetzee,1,36,2,4.0,0,5,9.0,24
51,GTA12,GT,washington sundar,0,6,2,1.0,0,1,6.0,6
51,GTA7,GT,rashid khan,0,50,2,3.0,0,1,16.67,18
51,GTA8,GT,sai kishore,0,1,2,0.4,0,3,2.5,4
52,CSKO8,CSK,khaleel ahmed,0,65,1,3.0,0,5,21.67,18
52,CSKA7,CSK,anshul kamboj,0,25,1,3.0,0,7,8.33,18
52,CSKO7,CSK,noor ahmad,1,26,1,4.0,0,13,6.5,24
52,CSKA6,CSK,ravindra jadeja,0,26,1,3.0,0,7,8.67,18
52,CSKA8,CSK,sam curran,1,34,1,3.0,0,3,11.33,18
52,CSKO4,CSK,matheesha pathirana,3,36,1,4.0,0,10,9.0,24
52,RCBA1,RCB,krunal pandya,1,24,2,3.0,0,5,8.0,18
52,RCBO2,RCB,bhuvneshwar kumar,0,55,2,4.0,0,5,13.75,24
52,RCBO5,RCB,yash dayal,1,41,2,4.0,0,4,10.25,24
52,RCBO10,RCB,lungisani ngidi,3,30,2,4.0,0,9,7.5,24
52,RCBO4,RCB,suyash sharma,0,43,2,4.0,0,2,10.75,24
52,RCBA5,RCB,romario shepherd,0,18,2,1.0,0,1,18.0,6
53,RRO9,RR,jofra archer,1,30,1,4.0,0,11,7.5,24
53,RRO1,RR,yudhvir singh charak,1,26,1,2.0,0,6,13.0,12
53,RRO6,RR,maheesh theekshana,1,41,1,4.0,0,9,10.25,24
53,RRO4,RR,akash madhwal,0,50,1,3.0,0,4,16.67,18
53,RRA2,RR,wanindu hasaranga,0,35,1,4.0,0,6,8.75,24
53,RRA1,RR,riyan parag,1,21,1,3.0,0,3,7.0,18
53,KKRO3,KKR,vaibhav arora,1,50,2,4.0,0,8,12.5,24
53,KKRA4,KKR,moeen ali,2,43,2,3.0,0,4,14.33,18
53,KKRO4,KKR,harshit rana,2,41,2,4.0,0,10,10.25,24
53,KKRO1,KKR,varun chakaravarthy,2,32,2,4.0,0,10,8.0,24
53,KKRA5,KKR,sunil narine,0,27,2,4.0,0,6,6.75,24
53,KKRA6,KKR,andre russell,0,11,2,1.0,0,0,11.0,6
54,LSGO7,LSG,akash singh,2,30,1,4.0,0,9,7.5,24
54,LSGO10,LSG,mayank yadav,0,60,1,4.0,0,6,15.0,24
54,LSGO5,LSG,avesh khan,0,57,1,4.0,0,3,14.25,24
54,LSGO8,LSG,digvesh rathi,2,46,1,4.0,0,6,11.5,24
54,LSGO6,LSG,prince yadav,1,43,1,4.0,0,7,10.75,24
54,PBKSO2,PBKS,arshdeep singh,3,16,2,4.0,0,14,4.0,24
54,PBKSA9,PBKS,marco jansen,1,31,2,4.0,0,14,7.75,24
54,PBKSA8,PBKS,azmatullah omarzai,2,33,2,4.0,0,12,8.25,24
54,PBKSO3,PBKS,yuzvendra chahal,1,50,2,4.0,0,7,12.5,24
54,PBKSO4,PBKS,vijaykumar vyshak,0,49,2,3.0,0,3,16.33,18
54,PBKSA2,PBKS,marcus stoinis,0,17,2,1.0,0,0,17.0,6
55,SRHO2,SRH,pat cummins,3,19,1,4.0,0,14,4.75,24
55,SRHO8,SRH,jaydev unadkat,1,13,1,4.0,0,11,3.25,24
55,SRHO4,SRH,harshal patel,1,36,1,4.0,0,9,9.0,24
55,SRHO7,SRH,eshan malinga,1,28,1,4.0,0,7,7.0,24
55,SRHO1,SRH,zeeshan ansari,0,30,1,3.0,0,6,10.0,18
55,SRHA2,SRH,abhishek sharma,0,5,1,1.0,0,2,5.0,6
56,GTO8,GT,mohammed siraj,1,29,1,3.0,0,7,9.67,18
56,GTA9,GT,arshad khan,1,18,1,3.0,0,10,6.0,18
56,GTO7,GT,prasidh krishna,1,37,1,4.0,0,70,9.25,24
56,GTA8,GT,sai kishore,2,34,1,4.0,0,5,8.5,24
56,GTA7,GT,rashid khan,1,21,1,4.0,0,9,5.25,24
56,GTO1,GT,gerald coetzee,1,10,1,2.0,0,6,5.0,12
56,MIO7,MI,deepak chahar,1,32,2,3.0,0,6,10.67,18
56,MIO5,MI,trent boult,2,22,2,4.0,0,11,5.5,24
56,MIO1,MI,jasprit bumrah,2,19,2,4.0,0,15,4.75,24
56,MIA2,MI,hardik pandya,0,18,2,1.0,0,1,18.0,6
56,MIO4,MI,karn sharma,0,13,2,2.0,0,3,6.5,12
56,MIO2,MI,ashwani kumar,2,28,2,4.0,0,6,7.0,24
56,MIA4,MI,will jacks,0,15,2,1.0,0,3,15.0,6
57,CSKO8,CSK,khaleel ahmed,0,14,1,2.0,0,8,7.0,12
57,CSKA7,CSK,anshul kamboj,1,38,1,3.0,0,4,12.67,18
57,CSKA9,CSK,ravichandran ashwin,0,19,1,3.0,0,11,6.33,18
57,CSKO7,CSK,noor ahmad,4,31,1,4.0,0,9,7.75,24
57,CSKA6,CSK,ravindra jadeja,1,34,1,4.0,0,8,8.5,24
57,CSKO4,CSK,matheesha pathirana,0,39,1,4.0,0,3,9.75,24
57,KKRO3,KKR,vaibhav arora,3,48,2,3.0,0,7,16.0,18
57,KKRA4,KKR,moeen ali,1,23,2,2.0,0,3,11.5,12
57,KKRO4,KKR,harshit rana,2,43,2,4.0,0,9,10.75,24
57,KKRO1,KKR,varun chakaravarthy,2,18,2,4.0,0,12,4.5,24
57,KKRA5,KKR,sunil narine,0,28,2,4.0,0,9,7.0,24
57,KKRA6,KKR,andre russell,0,22,2,2.4,0,5,9.17,16
59,RRO7,RR,fazalhaq farooqi,0,39,1,3.0,0,3,13.0,18
59,RRO2,RR,tushar deshpande,2,37,1,4.0,0,9,9.25,24
59,RRO5,RR,kwena maphaka,1,32,1,3.0,0,8,10.67,18
59,RRA1,RR,riyan parag,1,26,1,3.0,0,5,8.67,18
59,RRA2,RR,wanindu hasaranga,0,33,1,3.0,0,4,11.0,18
59,RRO4,RR,akash madhwal,1,48,1,4.0,0,6,12.0,24
59,PBKSO2,PBKS,arshdeep singh,0,60,2,4.0,0,9,15.0,24
59,PBKSA9,PBKS,marco jansen,2,41,2,3.0,0,7,13.67,18
59,PBKSO7,PBKS,xavier bartlett,0,12,2,1.0,0,3,12.0,6
59,PBKSO1,PBKS,harpreet brar,3,22,2,4.0,0,9,5.5,24
59,PBKSO3,PBKS,yuzvendra chahal,0,30,2,4.0,0,8,7.5,24
59,PBKSA8,PBKS,azmatullah omarzai,2,44,2,4.0,0,6,11.0,24
60,GTO8,GT,mohammed siraj,0,37,1,4.0,0,11,9.25,24
60,GTA9,GT,arshad khan,1,7,1,2.0,0,8,3.5,12
60,GTO5,GT,kagiso rabada,0,34,1,2.0,0,2,17.0,12
60,GTO7,GT,prasidh krishna,1,40,1,4.0,0,6,10.0,24
60,GTA7,GT,rashid khan,0,32,1,4.0,0,4,8.0,24
60,GTA8,GT,sai kishore,1,47,1,4.0,0,6,11.75,24
60,DCA3,DC,axar patel,0,35,2,3.0,0,6,11.67,18
60,DCO5,DC,t natarajan,0,49,2,3.0,0,1,16.33,18
60,DCO7,DC,mustafizur rahman,0,24,2,3.0,0,5,8.0,18
60,DCO3,DC,dushmantha chameera,0,22,2,2.0,0,3,11.0,12
60,DCO1,DC,vipraj nigam,0,37,2,4.0,0,4,9.25,24
60,DCO2,DC,kuldeep yadav,0,37,2,4.0,0,4,9.25,24
61,SRHO2,SRH,pat cummins,0,34,1,4.0,0,7,8.5,24
61,SRHA5,SRH,harsh dubey,1,44,1,4.0,0,5,11.0,24
61,SRHO4,SRH,harshal patel,1,49,1,4.0,0,10,12.25,24
61,SRHO7,SRH,eshan malinga,2,28,1,4.0,0,10,7.0,24
61,SRHO1,SRH,zeeshan ansari,0,22,1,2.0,0,0,11.0,12
61,SRHA1,SRH,nitish kumar reddy,1,28,1,2.0,0,4,14.0,12
61,LSGO2,LSG,akash deep,0,33,2,3.0,0,5,11.0,18
61,LSGO9,LSG,william o'rourke,1,31,2,2.2,0,6,14.09,14
61,LSGO8,LSG,digvesh rathi,2,37,2,4.0,0,8,9.25,24
61,LSGO5,LSG,avesh khan,0,25,2,3.0,0,4,8.33,18
61,LSGO1,LSG,ravi bishnoi,0,26,2,1.0,0,1,26.0,6
61,LSGB3,LSG,aiden markram,0,14,2,1.0,0,1,14.0,6
61,LSGA8,LSG,shardul thakur,1,39,2,4.0,0,3,9.75,24
62,RRO2,RR,tushar deshpande,1,33,1,4.0,0,10,8.25,24
62,RRO1,RR,yudhvir singh charak,3,47,1,4.0,0,9,11.75,24
62,RRO5,RR,kwena maphaka,0,22,1,2.0,0,4,11.0,12
62,RRA2,RR,wanindu hasaranga,1,27,1,4.0,0,10,6.75,24
62,RRA1,RR,riyan parag,0,26,1,2.0,0,3,13.0,12
62,RRO4,RR,akash madhwal,3,29,1,4.0,0,8,7.25,24
62,CSKO8,CSK,khaleel ahmed,0,35,2,3.0,0,6,11.67,18
62,CSKA7,CSK,anshul kamboj,1,21,2,3.0,0,8,7.0,18
62,CSKA9,CSK,ravichandran ashwin,2,41,2,4.0,0,6,10.25,24
62,CSKO7,CSK,noor ahmad,1,42,2,3.0,0,4,14.0,18
62,CSKO4,CSK,matheesha pathirana,0,22,2,2.1,0,3,10.48,13
62,CSKA6,CSK,ravindra jadeja,0,27,2,2.0,0,3,13.5,12
63,MIO5,MI,trent boult,1,29,2,4.0,0,8,7.25,24
63,MIO7,MI,deepak chahar,1,22,2,3.0,0,8,7.33,18
63,MIA4,MI,will jacks,1,16,2,1.0,0,2,16.0,6
63,MIA6,MI,mitchell santner,3,11,2,4.0,0,16,2.75,24
63,MIO1,MI,jasprit bumrah,3,12,2,3.2,0,12,3.75,20
63,MIO4,MI,karn sharma,1,31,2,3.0,0,4,10.33,18
63,DCO6,DC,mukesh kumar,2,48,1,4.0,0,7,12.0,24
63,DCO3,DC,dushmantha chameera,1,54,1,4.0,0,6,13.5,24
63,DCO7,DC,mustafizur rahman,1,30,1,4.0,0,10,7.5,24
63,DCO1,DC,vipraj nigam,0,25,1,4.0,0,8,6.25,24
63,DCO2,DC,kuldeep yadav,1,22,1,4.0,0,9,5.5,24
64,GTO8,GT,mohammed siraj,0,37,1,4.0,0,10,9.25,24
64,GTA9,GT,arshad khan,1,36,1,3.0,0,5,12.0,18
64,GTO5,GT,kagiso rabada,0,45,1,4.0,0,8,11.25,24
64,GTO7,GT,prasidh krishna,0,44,1,4.0,0,6,11.0,24
64,GTA8,GT,sai kishore,1,34,1,3.0,0,7,11.33,18
64,GTA7,GT,rashid khan,0,36,1,2.0,0,2,18.0,12
64,LSGO2,LSG,akash deep,0,49,2,4.0,0,8,12.25,24
64,LSGO7,LSG,akash singh,1,29,2,3.1,0,5,9.35,19
64,LSGO9,LSG,william o'rourke,3,27,2,4.0,0,7,6.75,24
64,LSGO5,LSG,avesh khan,2,51,2,3.5,0,4,14.57,23
64,LSGA6,LSG,shahbaz ahmed,1,41,2,4.0,0,7,10.25,24
64,LSGA1,LSG,ayush badoni,2,4,2,1.0,0,2,4.0,6
65,RCBO5,RCB,yash dayal,0,36,1,3.0,0,4,12.0,18
65,RCBO2,RCB,bhuvneshwar kumar,1,43,1,4.0,0,9,10.75,24
65,RCBO10,RCB,lungisani ngidi,1,51,1,4.0,0,4,12.75,24
65,RCBO4,RCB,suyash sharma,1,45,1,3.0,0,3,15.0,18
65,RCBA1,RCB,krunal pandya,1,38,1,4.0,0,5,9.5,24
65,RCBA5,RCB,romario shepherd,2,14,1,2.0,0,6,7.0,12
65,SRHO2,SRH,pat cummins,3,28,2,4.0,0,13,7.0,24
65,SRHO8,SRH,jaydev unadkat,1,41,2,4.0,0,7,10.25,24
65,SRHO4,SRH,harshal patel,1,39,2,3.5,0,9,11.14,23
65,SRHO7,SRH,eshan malinga,2,37,2,4.0,0,10,9.25,24
65,SRHA5,SRH,harsh dubey,1,20,2,2.0,0,3,10.0,12
65,SRHA1,SRH,nitish kumar reddy,1,13,2,2.0,0,4,6.5,12
66,PBKSO2,PBKS,arshdeep singh,0,35,2,4.0,0,6,8.75,24
66,PBKSA8,PBKS,azmatullah omarzai,0,46,2,4.0,0,6,11.5,24
66,PBKSO1,PBKS,harpreet brar,2,41,2,4.0,0,5,10.25,24
66,PBKSA9,PBKS,marco jansen,1,41,2,4.0,0,8,10.25,24
66,PBKSA7,PBKS,praveen dubey,1,20,2,2.0,0,4,10.0,12
66,PBKSA2,PBKS,marcus stoinis,0,21,2,1.3,0,1,16.15,9
66,DCO6,DC,mukesh kumar,1,49,1,4.0,0,9,12.25,24
66,DCO7,DC,mustafizur rahman,3,33,1,4.0,0,8,8.25,24
66,DCO4,DC,mohit sharma,0,47,1,4.0,0,5,11.75,24
66,DCO1,DC,vipraj nigam,2,38,1,4.0,0,5,9.5,24
66,DCO2,DC,kuldeep yadav,2,39,1,4.0,0,7,9.75,24
67,CSKA6,CSK,ravindra jadeja,2,17,2,3.0,0,5,5.67,18
67,CSKO8,CSK,khaleel ahmed,1,17,2,3.0,0,12,5.67,18
67,CSKA7,CSK,anshul kamboj,3,13,2,2.3,0,9,5.65,15
67,CSKA1,CSK,shivam dube,0,33,2,2.0,0,1,16.5,12
67,CSKO7,CSK,noor ahmad,3,21,2,4.0,0,12,5.25,24
67,CSKO4,CSK,matheesha pathirana,1,29,2,3.0,0,9,9.67,18
67,CSKA3,CSK,deepak hooda,0,15,2,1.0,0,1,15.0,6
67,GTO8,GT,mohammed siraj,0,47,1,4.0,0,9,11.75,24
67,GTA9,GT,arshad khan,0,42,1,2.0,0,1,21.0,12
67,GTO7,GT,prasidh krishna,2,22,1,4.0,0,15,5.5,24
67,GTO1,GT,gerald coetzee,0,34,1,3.0,0,5,11.33,18
67,GTA8,GT,sai kishore,1,23,1,2.0,0,3,11.5,12
67,GTA7,GT,rashid khan,1,42,1,4.0,0,5,10.5,24
67,GTA1,GT,shahrukh khan,1,13,1,1.0,0,1,13.0,6
68,KKRO3,KKR,vaibhav arora,1,39,1,4.0,0,10,9.75,24
68,KKRO5,KKR,anrich nortje,0,60,1,4.0,0,7,15.0,24
68,KKRO4,KKR,harshit rana,0,40,1,3.0,0,5,13.33,18
68,KKRA5,KKR,sunil narine,2,42,1,4.0,0,8,10.5,24
68,KKRO1,KKR,varun chakaravarthy,0,54,1,3.0,0,2,18.0,18
68,KKRA6,KKR,andre russell,0,34,1,2.0,0,2,17.0,12
68,SRHO2,SRH,pat cummins,0,25,2,2.0,0,6,12.5,12
68,SRHO8,SRH,jaydev unadkat,3,24,2,4.0,0,12,6.0,24
68,SRHO4,SRH,harshal patel,0,21,2,2.0,0,5,10.5,12
68,SRHO7,SRH,eshan malinga,3,31,2,3.4,0,10,9.12,22
68,SRHA5,SRH,harsh dubey,3,34,2,4.0,0,10,8.5,24
68,SRHA1,SRH,nitish kumar reddy,0,6,2,1.0,0,1,6.0,6
68,SRHA2,SRH,abhishek sharma,0,25,2,2.0,0,4,12.5,12
69,PBKSO2,PBKS,arshdeep singh,2,28,1,4.0,0,11,7.0,24
69,PBKSO8,PBKS,kyle jamieson,0,42,1,4.0,0,8,10.5,24
69,PBKSA9,PBKS,marco jansen,2,34,1,4.0,0,12,8.5,24
69,PBKSO1,PBKS,harpreet brar,1,36,1,4.0,0,5,9.0,24
69,PBKSO4,PBKS,vijaykumar vyshak,2,44,1,4.0,0,10,11.0,24
69,MIO5,MI,trent boult,0,36,2,3.3,0,7,10.91,21
69,MIO7,MI,deepak chahar,0,28,2,3.0,1,10,9.33,18
69,MIO1,MI,jasprit bumrah,1,23,2,4.0,0,15,5.75,24
69,MIA6,MI,mitchell santner,2,41,2,4.0,0,7,10.25,24
69,MIA2,MI,hardik pandya,0,29,2,2.0,0,1,14.5,12
69,MIO2,MI,ashwani kumar,0,16,2,1.0,0,0,16.0,6
69,MIA4,MI,will jacks,0,11,2,1.0,0,2,11.0,6
70,RCBO6,RCB,nuwan thushara,1,26,1,4.0,0,10,6.5,24
70,RCBA1,RCB,krunal pandya,0,14,1,2.0,0,5,7.0,12
70,RCBO5,RCB,yash dayal,0,44,1,3.0,0,3,14.67,18
70,RCBO2,RCB,bhuvneshwar kumar,1,46,1,4.0,0,8,11.5,24
70,RCBO4,RCB,suyash sharma,0,39,1,3.0,0,4,13.0,18
70,RCBA5,RCB,romario shepherd,1,51,1,4.0,0,6,12.75,24
70,LSGO7,LSG,akash singh,1,40,2,4.0,0,6,10.0,24
70,LSGO9,LSG,william o'rourke,2,74,2,4.0,0,3,18.5,24
70,LSGO8,LSG,digvesh rathi,0,36,2,4.0,0,5,9.0,24
70,LSGA6,LSG,shahbaz ahmed,0,39,2,3.0,0,3,13.0,18
70,LSGO5,LSG,avesh khan,1,32,2,3.0,0,5,10.67,18
70,LSGA1,LSG,ayush badoni,0,9,2,0.4,0,1,22.5,4
