Player_name,Level,Role,Metric,Score
Vaibhav Suryavanshi,Uncapped,Batter,Consistency,97.98460162
Ayush Mhatre,Uncapped,Batter,Consistency,97.41108925
Priyansh Arya,Uncapped,Batter,Consistency,97.42276999
Urvil Patel,Uncapped,Wicket Keeper,Consistency,94.41946929
Abishek Porel,Uncapped,Wicket Keeper,Consistency,69.73530221
Aniket Verma,Uncapped,Batter,Consistency,81.44784476
Mitchell Marsh,capped,All Rounder,Consistency,97.22668325
Dewald Brevis,capped,Batter,Consistency,95.05724563
Yashasvi Jaiswal,capped,Batter,Consistency,92.73387826
Sai Sudharsan,capped,Batter,Consistency,81.31656386
Phil Salt,capped,Wicket Keeper,Consistency,78.3179861
Josh Inglis,capped,Wicket Keeper,Consistency,91.14712653
Heinrich Klaasen,capped,Wicket Keeper,Consistency,97.48458132
Prabhsimran Singh,capped,Wicket Keeper,Consistency,70.97977936
Virat Kohli,Elite,Batter,Consistency,89.11973482
Ajinkya Rahane,capped,Batter,Consistency,79.05701363
Shaik Rasheed,Uncapped,Batter,Consistency,60.32385327
Aiden Markram,capped,Batter,Consistency,68.23357574
Jacob Bethell,capped,All Rounder,Consistency,83.87952512
Surya kumar Yadav,Elite,Batter,Consistency,90.38524939
Shubman Gill,Elite,Batter,Consistency,71.39053814
Manish Pandey,capped,Batter,Consistency,82.62303928
Sameer Rizvi,capped,Batter,Consistency,86.37233391
Karun Nair,capped,Batter,Consistency,66.48900086
Shubham Dubey,Uncapped,Batter,Consistency,71.13319716
Atharva Taide,Uncapped,Batter,Consistency,72.27153246
Sanju Samson,capped,Wicket Keeper,Consistency,75.58501558
Travis Head,Elite,Batter,Consistency,71.14799454
Dhruv Jurel,capped,Wicket Keeper,Consistency,79.4793201
Devdutt Padikkal,capped,Batter,Consistency,62.97147266
Jitesh Sharma,capped,Wicket Keeper,Consistency,90.38835446
Shreyas Iyer,Elite,Batter,Consistency,70.46676487
Nehal Wadhera,capped,Batter,Consistency,55.61530575
Ryan Rickelton,capped,Wicket Keeper,Consistency,65.88565542
Rohit Sharma,Elite,Batter,Consistency,54.38463332
Nicholas Pooran,Elite,Wicket Keeper,Consistency,65.15007395
Ishan Kishan,capped,Wicket Keeper,Consistency,80.74308731
Vipraj Nigam,Uncapped,Bowler,Consistency,85.8178729
Devon Conway,capped,Wicket Keeper,Consistency,65.49395201
Rajat Patidar,capped,Batter,Consistency,58.25741949
Abhishek Sharma,capped,All Rounder,Consistency,69.60037508
Faf du Plessis,capped,Batter,Consistency,53.84906316
Angkrish Raghuvanshi,capped,Batter,Consistency,58.83965637
Tilak Varma,capped,Batter,Consistency,54.11824468
Sediqullah Atal,capped,Batter,Consistency,66.50521711
Jos Buttler,Elite,Wicket Keeper,Consistency,62.23596209
Riyan Parag,capped,All Rounder,Consistency,57.86673691
Ruturaj Gaikwad,capped,Batter,Consistency,53.08542361
Tristan Stubbs,capped,Wicket Keeper,Consistency,58.4199541
Ayush Badoni,capped,All Rounder,Consistency,59.77483628
K L Rahul,Elite,Wicket Keeper,Consistency,64.06613539
Nitish Rana,capped,Batter,Consistency,51.70651557
Will Jacks,capped,All Rounder,Consistency,58.77690783
Rahmanullah Gurbaz,capped,Wicket Keeper,Consistency,59.22280135
Rachin Ravindra,capped,All Rounder,Consistency,56.27789544
David Miller,capped,Batter,Consistency,58.59611246
Sherfane Rutherford,capped,All Rounder,Consistency,66.17710878
Naman Dhir,capped,Batter,Consistency,69.57109827
Shimron Hetmyer,capped,Batter,Consistency,58.50510187
Tim David,capped,Batter,Consistency,55.21323636
Ashutosh Sharma,capped,All Rounder,Consistency,60.96732029
Mayank Agarwal,capped,Batter,Consistency,72.93502023
Vijay Shankar,capped,All Rounder,Consistency,55.86312814
Rinku Singh,capped,Batter,Consistency,60.04957151
Rahul Tewatia,capped,All Rounder,Consistency,53.83259671
Prasidh Krishna,capped,Bowler,Consistency,75.90422471
Shahrukh Khan,capped,All Rounder,Consistency,61.98533597
Sunil Narine,Elite,All Rounder,Consistency,63.73327762
Corbin Bosch,capped,All Rounder,Consistency,65.43585218
Arshad Khan,Uncapped,All Rounder,Consistency,61.97881703
Rishabh Pant,Elite,Wicket Keeper,Consistency,77.36324142
Shivam Dube,capped,All Rounder,Consistency,59.75827618
Jasprit Bumrah,Elite,Bowler,Consistency,75.26503998
Harsh Dubey,Uncapped,All Rounder,Consistency,97.72207211
Jaydev Unadkat,capped,Bowler,Consistency,86.4501953
Marco Jansen,capped,All Rounder,Consistency,71.82188783
Venkatesh Iyer,Elite,All Rounder,Consistency,50.0727659
Mustafizur Rahman,capped,Bowler,Consistency,71.13056461
Eshan Malinga,capped,Bowler,Consistency,90.5068651
Rahul Tripathi,capped,Batter,Consistency,51.46221422
Quinton de Kock,capped,Wicket Keeper,Consistency,52.35994588
Lungisani Ngidi,capped,Bowler,Consistency,58.69803117
Ramandeep Singh,capped,All Rounder,Consistency,52.59010601
Axar Patel,Elite,All Rounder,Consistency,53.04012926
Mathew Breetzke,capped,Wicket Keeper,Consistency,55.98792599
Mitchell Santner,capped,All Rounder,Consistency,64.86569574
Abhinav Manohar,capped,Batter,Consistency,53.51202451
Krunal Pandya,capped,All Rounder,Consistency,60.63649305
MS Dhoni,Elite,Wicket Keeper,Consistency,52.70180698
Ashwani Kumar,Uncapped,Bowler,Consistency,73.16485856
Noor Ahmad,capped,Bowler,Consistency,72.72240014
Romario Shepherd,capped,All Rounder,Consistency,57.86736651
Nitish Kumar Reddy,capped,All Rounder,Consistency,52.35767274
Washington Sundar,capped,All Rounder,Consistency,52.26438125
Harpreet Brar,capped,Bowler,Consistency,73.13121517
Anshul Kamboj,capped,All Rounder,Consistency,69.54276915
Shashank Singh,capped,All Rounder,Consistency,73.9477924
Prince Yadav,Uncapped,Bowler,Consistency,66.11122863
Jake Frazer McGurk,capped,Batter,Consistency,48.38122441
Akash Singh,Uncapped,Bowler,Consistency,92.35843218
Harshit Rana,capped,Bowler,Consistency,62.02953885
Azmatullah Omarzai,capped,All Rounder,Consistency,54.43859191
Yudhvir Singh Charak,Uncapped,Bowler,Consistency,92.04747075
Praveen Dubey,Uncapped,All Rounder,Consistency,85.26605343
Jofra Archer,capped,Bowler,Consistency,63.36154529
Glenn Maxwell,capped,Batter,Consistency,51.33139405
Akash Madhwal,Uncapped,Bowler,Consistency,89.45117048
Nuwan Thushara,capped,Bowler,Consistency,70.12901046
Josh Hazlewood,Elite,Bowler,Consistency,68.27102821
Abdul Samad,capped,All Rounder,Consistency,51.3847942
Kuldeep Yadav,Elite,Bowler,Consistency,56.28078351
Rovman powell,capped,Batter,Consistency,48.45801556
Digvesh Rathi,Uncapped,Bowler,Consistency,76.66897644
Sai Kishore,capped,All Rounder,Consistency,56.33019661
William O'Rourke,capped,Bowler,Consistency,85.96715784
Mukesh Choudhary,Uncapped,Bowler,Consistency,69.22513309
Madhav Tiwari,Uncapped,All Rounder,Consistency,48.29108092
Sam Curran,capped,All Rounder,Consistency,53.1810296
Varun Chakaravarthy,capped,Bowler,Consistency,63.17546864
Andre Russell,capped,All Rounder,Consistency,50.82090764
Kamindu Mendis,capped,All Rounder,Consistency,57.59214511
Ravichandran Ashwin,Elite,All Rounder,Consistency,56.16011271
Kulwant Khejroliya,Uncapped,Bowler,Consistency,85.26605343
Pat Cummins,Elite,Bowler,Consistency,56.51839992
Yash Thakur,Uncapped,Bowler,Consistency,57.95372529
Mohammed Siraj,capped,Bowler,Consistency,52.08957506
Arshdeep Singh,Elite,Bowler,Consistency,59.5664234
Hardik Pandya,Elite,All Rounder,Consistency,49.61877853
Wanindu Hasaranga,capped,All Rounder,Consistency,53.11253167
Sandeep Sharma,capped,Bowler,Consistency,65.51898341
Lockie Ferguson,capped,Bowler,Consistency,61.91238223
Robin Minz,Uncapped,Wicket Keeper,Consistency,47.33602791
Khaleel Ahmed,capped,Bowler,Consistency,55.67668473
Vaibhav Arora,capped,Bowler,Consistency,64.43953421
Tushar Deshpande,capped,Bowler,Consistency,61.29445562
Shahbaz Ahmed,Uncapped,All Rounder,Consistency,55.6869794
Karn Sharma,capped,Bowler,Consistency,55.19705765
Xavier Bartlett,capped,Bowler,Consistency,51.27863815
Harshal Patel,capped,Bowler,Consistency,59.99109484
Maheesh Theekshana,capped,Bowler,Consistency,60.86167197
Kumar Kartikeya Singh,Uncapped,Bowler,Consistency,53.23398676
Vijaykumar Vyshak,capped,Bowler,Consistency,60.79831009
Anukul Roy,Uncapped,All Rounder,Consistency,64.5172507
Yuzvendra Chahal,Elite,Bowler,Consistency,58.42091994
Vignesh Puthur,Uncapped,Bowler,Consistency,66.1170452
Manimaran Siddharth,Uncapped,Bowler,Consistency,66.43199611
Matheesha Pathirana,capped,Bowler,Consistency,57.09426441
Rashid Khan,Elite,All Rounder,Consistency,51.71728589
Gerald Coetzee,capped,Bowler,Consistency,51.83288912
Marcus Stoinis,capped,All Rounder,Consistency,58.81459898
Shardul Thakur,capped,All Rounder,Consistency,58.66747175
Akash Deep,capped,Bowler,Consistency,51.66730185
Trent Boult,capped,Bowler,Consistency,67.50809333
Deepak Chahar,capped,Bowler,Consistency,58.13446222
Ravi Bishnoi,capped,Bowler,Consistency,51.58120382
Deepak Hooda,capped,All Rounder,Consistency,46.93997322
Bhuvneshwar Kumar,capped,Bowler,Consistency,59.17241004
Adam Zampa,capped,Bowler,Consistency,74.05139045
Mitchell Starc,Elite,Bowler,Consistency,50.8805805
Moeen Ali,capped,All Rounder,Consistency,62.01424386
Donovan Ferreira,capped,Wicket Keeper,Consistency,45.7057685
Ravindra Jadeja,Elite,All Rounder,Consistency,57.66731291
Yash Dayal,capped,Bowler,Consistency,48.73258773
Mohit Sharma,capped,Bowler,Consistency,48.60631686
Mukesh Kumar,capped,Bowler,Consistency,62.22760713
Avesh Khan,capped,Bowler,Consistency,62.98924422
Manoj Bhandage,Uncapped,All Rounder,Consistency,45.83343156
Nathan Ellis,capped,Bowler,Consistency,67.08160543
Mohammad Shami,capped,Bowler,Consistency,50.81756561
Kagiso Rabada,Elite,Bowler,Consistency,47.82819654
V Satyanarayana Penmetsa,Uncapped,Bowler,Consistency,58.37176119
Mujeeb Ur Rahman,capped,Bowler,Consistency,65.54288971
Zeeshan Ansari,Uncapped,Bowler,Consistency,53.31155925
Fazalhaq Farooqi,capped,Bowler,Consistency,47.9344553
Suyash Sharma,capped,Bowler,Consistency,52.10917597
Mayank Yadav,capped,Bowler,Consistency,57.07445385
Kwena Maphaka,capped,Bowler,Consistency,55.30193171
Ishant Sharma,capped,Bowler,Consistency,59.18733484
Liam Livingstone,capped,All Rounder,Consistency,47.65675902
Jamie Overton,capped,Bowler,Consistency,47.36317666
Dushmantha Chameera,capped,Bowler,Consistency,54.69044261
Suryansh Shedge,Uncapped,All Rounder,Consistency,46.79418455
Wiaan Mulder,capped,All Rounder,Consistency,46.93280972
Simarjeet Singh,Uncapped,Bowler,Consistency,49.84301133
Rasikh Dar Salam,capped,Bowler,Consistency,52.40139631
Anrich Nortje,capped,Bowler,Consistency,51.85984719
Spencer Johnson,capped,Bowler,Consistency,47.67863904
Kyle Jamieson,capped,Bowler,Consistency,50.3165705
Chetan Sakariya,Uncapped,Bowler,Consistency,49.21636737
Rahul Chahar,capped,Bowler,Consistency,46.69519028
T Natarajan,capped,Bowler,Consistency,46.11466155
Karim Janat,Uncapped,All Rounder,Consistency,30.0
Kuldeep Sen,Uncapped,Bowler,Consistency,30.0
Vishnu Vinod,capped,Wicket Keeper,Consistency,30.0
Nishant Sindhu,capped,All Rounder,Consistency,30.0
Swastik Chikara,Uncapped,Batter,Consistency,30.0
Shamar Joseph,capped,Bowler,Consistency,30.0
Aryan Juyal,Uncapped,Wicket Keeper,Consistency,30.0
RS Hangargekar,Uncapped,All Rounder,Consistency,30.0
Yuvraj Chaudhary,Uncapped,All Rounder,Consistency,30.0
Arshin Kulkarni,Uncapped,All Rounder,Consistency,30.0
Himmat Singh,Uncapped,Batter,Consistency,30.0
Nandre Burger,capped,Bowler,Consistency,30.0
Ashok Sharma,Uncapped,Bowler,Consistency,30.0
Swapnil Singh,Uncapped,All Rounder,Consistency,30.0
Mahipal Lomror,capped,All Rounder,Consistency,30.0
Lhuan-dre Pretorius,Uncapped,Wicket Keeper,Consistency,30.0
Kunal Rathore,Uncapped,Wicket Keeper,Consistency,30.0
Shreyas Gopal,Uncapped,Bowler,Consistency,30.0
Kamlesh Nagarkoti,Uncapped,Bowler,Consistency,30.0
Luvnith Sisodia,Uncapped,Wicket Keeper,Consistency,30.0
Darshan Nalkande,Uncapped,All Rounder,Consistency,30.0
Mayank Markande,Uncapped,Bowler,Consistency,30.0
Vansh Bedi,Uncapped,Wicket Keeper,Consistency,30.0
Ramakrishna Ghosh,Uncapped,All Rounder,Consistency,30.0
Ajay Jadav Mandal,Uncapped,All Rounder,Consistency,30.0
Umran Malik,capped,Bowler,Consistency,30.0
Tripurana Vijay,Uncapped,All Rounder,Consistency,30.0
Dasun Shanaka,capped,All Rounder,Consistency,30.0
Mohit Rathee,Uncapped,All Rounder,Consistency,30.0
Arjun Tendulkar,capped,All Rounder,Consistency,30.0
Lizaad Williams,capped,Bowler,Consistency,30.0
Raghu Sharma,Uncapped,Bowler,Consistency,30.0
Tim Seifert,capped,Wicket Keeper,Consistency,30.0
Andre Siddarth,Uncapped,Batter,Consistency,30.0
Reece Topley,capped,Bowler,Consistency,30.0
Harnoor Singh,Uncapped,Batter,Consistency,30.0
Pyla Avinash,Uncapped,Batter,Consistency,30.0
Jonny Bairstow,capped,Wicket Keeper,Consistency,30.0
Krishnan Shrijith,Uncapped,Wicket Keeper,Consistency,30.0
Abhinandan Singh,Uncapped,Bowler,Consistency,30.0
Blessing Muzarabani,Uncapped,Bowler,Consistency,30.0
Charith Asalanka,capped,All Rounder,Consistency,30.0
Jayant Yadav,Uncapped,All Rounder,Consistency,30.0
Raj Bawa,Uncapped,All Rounder,Consistency,30.0
Bevon Jacobs,capped,All Rounder,Consistency,30.0
Sachin Baby,Uncapped,Batter,Consistency,30.0
Musheer Khan,Uncapped,All Rounder,Consistency,30.0
Gurnoor Brar,Uncapped,Bowler,Consistency,30.0
Manvanth Kumar L,Uncapped,All Rounder,Consistency,30.0
Kusal Mendis,capped,Wicket Keeper,Consistency,30.0
Aaron Hardie,Uncapped,All Rounder,Consistency,30.0
Anuj Rawat,Uncapped,Wicket Keeper,Consistency,30.0
Kumar Kushagra,Uncapped,Wicket Keeper,Consistency,30.0
Mitchell Owen,capped,All Rounder,Consistency,30.0
Manav Suthar,Uncapped,Bowler,Consistency,30.0
Vaibhav Suryavanshi,Uncapped,Batter,FIS,97.21900106
Ayush Mhatre,Uncapped,Batter,FIS,99.75245561
Priyansh Arya,Uncapped,Batter,FIS,30.0
Urvil Patel,Uncapped,Wicket Keeper,FIS,30.0
Abishek Porel,Uncapped,Wicket Keeper,FIS,94.14122573
Aniket Verma,Uncapped,Batter,FIS,81.93519443
Mitchell Marsh,capped,All Rounder,FIS,63.28392028
Dewald Brevis,capped,Batter,FIS,30.0
Yashasvi Jaiswal,capped,Batter,FIS,50.02407515
Sai Sudharsan,capped,Batter,FIS,50.02214445
Phil Salt,capped,Wicket Keeper,FIS,63.46206088
Josh Inglis,capped,Wicket Keeper,FIS,63.91466907
Heinrich Klaasen,capped,Wicket Keeper,FIS,30.0
Prabhsimran Singh,capped,Wicket Keeper,FIS,30.0
Virat Kohli,Elite,Batter,FIS,51.61982541
Ajinkya Rahane,capped,Batter,FIS,30.0
Shaik Rasheed,Uncapped,Batter,FIS,83.73254567
Aiden Markram,capped,Batter,FIS,30.0
Jacob Bethell,capped,All Rounder,FIS,30.0
Surya kumar Yadav,Elite,Batter,FIS,48.51487515
Shubman Gill,Elite,Batter,FIS,57.01188332
Manish Pandey,capped,Batter,FIS,64.11964207
Sameer Rizvi,capped,Batter,FIS,54.85334057
Karun Nair,capped,Batter,FIS,62.40626926
Shubham Dubey,Uncapped,Batter,FIS,67.02692927
Atharva Taide,Uncapped,Batter,FIS,30.0
Sanju Samson,capped,Wicket Keeper,FIS,30.0
Travis Head,Elite,Batter,FIS,48.50613441
Dhruv Jurel,capped,Wicket Keeper,FIS,49.96082632
Devdutt Padikkal,capped,Batter,FIS,50.02214445
Jitesh Sharma,capped,Wicket Keeper,FIS,50.05800587
Shreyas Iyer,Elite,Batter,FIS,60.44767519
Nehal Wadhera,capped,Batter,FIS,69.29165332
Ryan Rickelton,capped,Wicket Keeper,FIS,30.0
Rohit Sharma,Elite,Batter,FIS,61.25226083
Nicholas Pooran,Elite,Wicket Keeper,FIS,51.7212908
Ishan Kishan,capped,Wicket Keeper,FIS,30.0
Vipraj Nigam,Uncapped,Bowler,FIS,81.8052226
Devon Conway,capped,Wicket Keeper,FIS,30.0
Rajat Patidar,capped,Batter,FIS,63.23562291
Abhishek Sharma,capped,All Rounder,FIS,30.0
Faf du Plessis,capped,Batter,FIS,63.05559746
Angkrish Raghuvanshi,capped,Batter,FIS,30.0
Tilak Varma,capped,Batter,FIS,70.46331218
Sediqullah Atal,capped,Batter,FIS,30.0
Jos Buttler,Elite,Wicket Keeper,FIS,51.53552031
Riyan Parag,capped,All Rounder,FIS,87.75418626
Ruturaj Gaikwad,capped,Batter,FIS,30.0
Tristan Stubbs,capped,Wicket Keeper,FIS,93.10101284
Ayush Badoni,capped,All Rounder,FIS,62.44473259
K L Rahul,Elite,Wicket Keeper,FIS,30.0
Nitish Rana,capped,Batter,FIS,30.0
Will Jacks,capped,All Rounder,FIS,75.66959543
Rahmanullah Gurbaz,capped,Wicket Keeper,FIS,30.0
Rachin Ravindra,capped,All Rounder,FIS,70.43755028
David Miller,capped,Batter,FIS,69.67327287
Sherfane Rutherford,capped,All Rounder,FIS,30.0
Naman Dhir,capped,Batter,FIS,30.0
Shimron Hetmyer,capped,Batter,FIS,49.74230714
Tim David,capped,Batter,FIS,63.76126715
Ashutosh Sharma,capped,All Rounder,FIS,49.85194794
Mayank Agarwal,capped,Batter,FIS,30.0
Vijay Shankar,capped,All Rounder,FIS,69.7319648
Rinku Singh,capped,Batter,FIS,30.0
Rahul Tewatia,capped,All Rounder,FIS,86.29361247
Prasidh Krishna,capped,Bowler,FIS,81.90116393
Shahrukh Khan,capped,All Rounder,FIS,69.60545773
Sunil Narine,Elite,All Rounder,FIS,48.45425533
Corbin Bosch,capped,All Rounder,FIS,30.0
Arshad Khan,Uncapped,All Rounder,FIS,81.86093216
Rishabh Pant,Elite,Wicket Keeper,FIS,30.0
Shivam Dube,capped,All Rounder,FIS,63.09545465
Jasprit Bumrah,Elite,Bowler,FIS,71.24420317
Harsh Dubey,Uncapped,All Rounder,FIS,30.0
Jaydev Unadkat,capped,Bowler,FIS,50.395884
Marco Jansen,capped,All Rounder,FIS,63.09545465
Venkatesh Iyer,Elite,All Rounder,FIS,51.59017626
Mustafizur Rahman,capped,Bowler,FIS,80.55316273
Eshan Malinga,capped,Bowler,FIS,30.0
Rahul Tripathi,capped,Batter,FIS,63.10343626
Quinton de Kock,capped,Wicket Keeper,FIS,30.0
Lungisani Ngidi,capped,Bowler,FIS,75.30528494
Ramandeep Singh,capped,All Rounder,FIS,63.09545465
Axar Patel,Elite,All Rounder,FIS,56.55136242
Mathew Breetzke,capped,Wicket Keeper,FIS,30.0
Mitchell Santner,capped,All Rounder,FIS,82.48938105
Abhinav Manohar,capped,Batter,FIS,30.0
Krunal Pandya,capped,All Rounder,FIS,49.90884322
MS Dhoni,Elite,Wicket Keeper,FIS,59.9381107
Ashwani Kumar,Uncapped,Bowler,FIS,76.71876086
Noor Ahmad,capped,Bowler,FIS,30.0
Romario Shepherd,capped,All Rounder,FIS,30.0
Nitish Kumar Reddy,capped,All Rounder,FIS,55.31600154
Washington Sundar,capped,All Rounder,FIS,49.89571513
Harpreet Brar,capped,Bowler,FIS,30.0
Anshul Kamboj,capped,All Rounder,FIS,64.08603522
Shashank Singh,capped,All Rounder,FIS,30.0
Prince Yadav,Uncapped,Bowler,FIS,89.95832487
Jake Frazer McGurk,capped,Batter,FIS,30.0
Akash Singh,Uncapped,Bowler,FIS,30.0
Harshit Rana,capped,Bowler,FIS,70.35119736
Azmatullah Omarzai,capped,All Rounder,FIS,49.86679472
Yudhvir Singh Charak,Uncapped,Bowler,FIS,30.0
Praveen Dubey,Uncapped,All Rounder,FIS,30.0
Jofra Archer,capped,Bowler,FIS,62.48327916
Glenn Maxwell,capped,Batter,FIS,30.0
Akash Madhwal,Uncapped,Bowler,FIS,30.0
Nuwan Thushara,capped,Bowler,FIS,30.0
Josh Hazlewood,Elite,Bowler,FIS,30.0
Abdul Samad,capped,All Rounder,FIS,55.01121507
Kuldeep Yadav,Elite,Bowler,FIS,56.15815786
Rovman powell,capped,Batter,FIS,30.0
Digvesh Rathi,Uncapped,Bowler,FIS,30.0
Sai Kishore,capped,All Rounder,FIS,69.50706002
William O'Rourke,capped,Bowler,FIS,30.0
Mukesh Choudhary,Uncapped,Bowler,FIS,66.56318488
Madhav Tiwari,Uncapped,All Rounder,FIS,30.0
Sam Curran,capped,All Rounder,FIS,30.0
Varun Chakaravarthy,capped,Bowler,FIS,30.0
Andre Russell,capped,All Rounder,FIS,49.96082632
Kamindu Mendis,capped,All Rounder,FIS,30.0
Ravichandran Ashwin,Elite,All Rounder,FIS,60.70173025
Kulwant Khejroliya,Uncapped,Bowler,FIS,30.0
Pat Cummins,Elite,Bowler,FIS,76.97733707
Yash Thakur,Uncapped,Bowler,FIS,66.15831712
Mohammed Siraj,capped,Bowler,FIS,86.14878092
Arshdeep Singh,Elite,Bowler,FIS,30.0
Hardik Pandya,Elite,All Rounder,FIS,30.0
Wanindu Hasaranga,capped,All Rounder,FIS,62.44473259
Sandeep Sharma,capped,Bowler,FIS,63.769529
Lockie Ferguson,capped,Bowler,FIS,49.90884322
Robin Minz,Uncapped,Wicket Keeper,FIS,30.0
Khaleel Ahmed,capped,Bowler,FIS,75.30553565
Vaibhav Arora,capped,Bowler,FIS,55.49391829
Tushar Deshpande,capped,Bowler,FIS,65.19793733
Shahbaz Ahmed,Uncapped,All Rounder,FIS,30.0
Karn Sharma,capped,Bowler,FIS,64.11964207
Xavier Bartlett,capped,Bowler,FIS,30.0
Harshal Patel,capped,Bowler,FIS,55.19139353
Maheesh Theekshana,capped,Bowler,FIS,55.2675389
Kumar Kartikeya Singh,Uncapped,Bowler,FIS,30.0
Vijaykumar Vyshak,capped,Bowler,FIS,61.98863682
Anukul Roy,Uncapped,All Rounder,FIS,30.0
Yuzvendra Chahal,Elite,Bowler,FIS,64.17469447
Vignesh Puthur,Uncapped,Bowler,FIS,30.0
Manimaran Siddharth,Uncapped,Bowler,FIS,30.0
Matheesha Pathirana,capped,Bowler,FIS,59.78081476
Rashid Khan,Elite,All Rounder,FIS,51.51014561
Gerald Coetzee,capped,Bowler,FIS,30.0
Marcus Stoinis,capped,All Rounder,FIS,30.0
Shardul Thakur,capped,All Rounder,FIS,30.0
Akash Deep,capped,Bowler,FIS,63.49870245
Trent Boult,capped,Bowler,FIS,30.0
Deepak Chahar,capped,Bowler,FIS,49.95607353
Ravi Bishnoi,capped,Bowler,FIS,54.96120469
Deepak Hooda,capped,All Rounder,FIS,49.86865438
Bhuvneshwar Kumar,capped,Bowler,FIS,30.0
Adam Zampa,capped,Bowler,FIS,30.0
Mitchell Starc,Elite,Bowler,FIS,56.81761626
Moeen Ali,capped,All Rounder,FIS,30.0
Donovan Ferreira,capped,Wicket Keeper,FIS,30.0
Ravindra Jadeja,Elite,All Rounder,FIS,30.0
Yash Dayal,capped,Bowler,FIS,60.60575398
Mohit Sharma,capped,Bowler,FIS,74.26367382
Mukesh Kumar,capped,Bowler,FIS,30.0
Avesh Khan,capped,Bowler,FIS,30.0
Manoj Bhandage,Uncapped,All Rounder,FIS,30.0
Nathan Ellis,capped,Bowler,FIS,30.0
Mohammad Shami,capped,Bowler,FIS,49.86679472
Kagiso Rabada,Elite,Bowler,FIS,60.3669418
V Satyanarayana Penmetsa,Uncapped,Bowler,FIS,30.0
Mujeeb Ur Rahman,capped,Bowler,FIS,30.0
Zeeshan Ansari,Uncapped,Bowler,FIS,30.0
Fazalhaq Farooqi,capped,Bowler,FIS,62.44473259
Suyash Sharma,capped,Bowler,FIS,49.86679472
Mayank Yadav,capped,Bowler,FIS,30.0
Kwena Maphaka,capped,Bowler,FIS,30.0
Ishant Sharma,capped,Bowler,FIS,30.0
Liam Livingstone,capped,All Rounder,FIS,30.0
Jamie Overton,capped,Bowler,FIS,49.91072209
Dushmantha Chameera,capped,Bowler,FIS,30.0
Suryansh Shedge,Uncapped,All Rounder,FIS,30.0
Wiaan Mulder,capped,All Rounder,FIS,30.0
Simarjeet Singh,Uncapped,Bowler,FIS,30.0
Rasikh Dar Salam,capped,Bowler,FIS,30.0
Anrich Nortje,capped,Bowler,FIS,30.0
Spencer Johnson,capped,Bowler,FIS,30.0
Kyle Jamieson,capped,Bowler,FIS,30.0
Chetan Sakariya,Uncapped,Bowler,FIS,30.0
Rahul Chahar,capped,Bowler,FIS,30.0
T Natarajan,capped,Bowler,FIS,30.0
Karim Janat,Uncapped,All Rounder,FIS,30.0
Kuldeep Sen,Uncapped,Bowler,FIS,30.0
Vishnu Vinod,capped,Wicket Keeper,FIS,30.0
Nishant Sindhu,capped,All Rounder,FIS,30.0
Swastik Chikara,Uncapped,Batter,FIS,30.0
Shamar Joseph,capped,Bowler,FIS,30.0
Aryan Juyal,Uncapped,Wicket Keeper,FIS,30.0
RS Hangargekar,Uncapped,All Rounder,FIS,30.0
Yuvraj Chaudhary,Uncapped,All Rounder,FIS,30.0
Arshin Kulkarni,Uncapped,All Rounder,FIS,30.0
Himmat Singh,Uncapped,Batter,FIS,30.0
Nandre Burger,capped,Bowler,FIS,30.0
Ashok Sharma,Uncapped,Bowler,FIS,30.0
Swapnil Singh,Uncapped,All Rounder,FIS,30.0
Mahipal Lomror,capped,All Rounder,FIS,30.0
Lhuan-dre Pretorius,Uncapped,Wicket Keeper,FIS,30.0
Kunal Rathore,Uncapped,Wicket Keeper,FIS,30.0
Shreyas Gopal,Uncapped,Bowler,FIS,30.0
Kamlesh Nagarkoti,Uncapped,Bowler,FIS,30.0
Luvnith Sisodia,Uncapped,Wicket Keeper,FIS,30.0
Darshan Nalkande,Uncapped,All Rounder,FIS,30.0
Mayank Markande,Uncapped,Bowler,FIS,30.0
Vansh Bedi,Uncapped,Wicket Keeper,FIS,30.0
Ramakrishna Ghosh,Uncapped,All Rounder,FIS,30.0
Ajay Jadav Mandal,Uncapped,All Rounder,FIS,30.0
Umran Malik,capped,Bowler,FIS,30.0
Tripurana Vijay,Uncapped,All Rounder,FIS,30.0
Dasun Shanaka,capped,All Rounder,FIS,30.0
Mohit Rathee,Uncapped,All Rounder,FIS,30.0
Arjun Tendulkar,capped,All Rounder,FIS,30.0
Lizaad Williams,capped,Bowler,FIS,30.0
Raghu Sharma,Uncapped,Bowler,FIS,30.0
Tim Seifert,capped,Wicket Keeper,FIS,30.0
Andre Siddarth,Uncapped,Batter,FIS,30.0
Reece Topley,capped,Bowler,FIS,30.0
Harnoor Singh,Uncapped,Batter,FIS,30.0
Pyla Avinash,Uncapped,Batter,FIS,30.0
Jonny Bairstow,capped,Wicket Keeper,FIS,30.0
Krishnan Shrijith,Uncapped,Wicket Keeper,FIS,30.0
Abhinandan Singh,Uncapped,Bowler,FIS,30.0
Blessing Muzarabani,Uncapped,Bowler,FIS,30.0
Charith Asalanka,capped,All Rounder,FIS,30.0
Jayant Yadav,Uncapped,All Rounder,FIS,30.0
Raj Bawa,Uncapped,All Rounder,FIS,30.0
Bevon Jacobs,capped,All Rounder,FIS,30.0
Sachin Baby,Uncapped,Batter,FIS,30.0
Musheer Khan,Uncapped,All Rounder,FIS,30.0
Gurnoor Brar,Uncapped,Bowler,FIS,30.0
Manvanth Kumar L,Uncapped,All Rounder,FIS,30.0
Kusal Mendis,capped,Wicket Keeper,FIS,30.0
Aaron Hardie,Uncapped,All Rounder,FIS,30.0
Anuj Rawat,Uncapped,Wicket Keeper,FIS,30.0
Kumar Kushagra,Uncapped,Wicket Keeper,FIS,30.0
Mitchell Owen,capped,All Rounder,FIS,30.0
Manav Suthar,Uncapped,Bowler,FIS,30.0
Vaibhav Suryavanshi,Uncapped,Batter,TCS,99.7647015
Ayush Mhatre,Uncapped,Batter,TCS,97.65961319
Priyansh Arya,Uncapped,Batter,TCS,99.16289677
Urvil Patel,Uncapped,Wicket Keeper,TCS,97.1941744
Abishek Porel,Uncapped,Wicket Keeper,TCS,91.54469209
Aniket Verma,Uncapped,Batter,TCS,86.88692525
Mitchell Marsh,capped,All Rounder,TCS,95.89905563
Dewald Brevis,capped,Batter,TCS,91.28851217
Yashasvi Jaiswal,capped,Batter,TCS,86.74530838
Sai Sudharsan,capped,Batter,TCS,93.02150878
Phil Salt,capped,Wicket Keeper,TCS,89.13167933
Josh Inglis,capped,Wicket Keeper,TCS,78.88224914
Heinrich Klaasen,capped,Wicket Keeper,TCS,82.4365834
Prabhsimran Singh,capped,Wicket Keeper,TCS,92.15189396
Virat Kohli,Elite,Batter,TCS,78.98841454
Ajinkya Rahane,capped,Batter,TCS,84.70411546
Shaik Rasheed,Uncapped,Batter,TCS,83.36864034
Aiden Markram,capped,Batter,TCS,91.51867117
Jacob Bethell,capped,All Rounder,TCS,89.49579944
Surya kumar Yadav,Elite,Batter,TCS,71.3934483
Shubman Gill,Elite,Batter,TCS,78.93523124
Manish Pandey,capped,Batter,TCS,70.81758504
Sameer Rizvi,capped,Batter,TCS,69.72746582
Karun Nair,capped,Batter,TCS,78.76471826
Shubham Dubey,Uncapped,Batter,TCS,60.75043116
Atharva Taide,Uncapped,Batter,TCS,76.84021387
Sanju Samson,capped,Wicket Keeper,TCS,80.23495225
Travis Head,Elite,Batter,TCS,75.97546278
Dhruv Jurel,capped,Wicket Keeper,TCS,68.59762341
Devdutt Padikkal,capped,Batter,TCS,79.52248083
Jitesh Sharma,capped,Wicket Keeper,TCS,58.82739857
Shreyas Iyer,Elite,Batter,TCS,68.27671011
Nehal Wadhera,capped,Batter,TCS,73.47923973
Ryan Rickelton,capped,Wicket Keeper,TCS,76.31390134
Rohit Sharma,Elite,Batter,TCS,69.87631944
Nicholas Pooran,Elite,Wicket Keeper,TCS,74.03498303
Ishan Kishan,capped,Wicket Keeper,TCS,65.08992587
Vipraj Nigam,Uncapped,Bowler,TCS,92.25345877
Devon Conway,capped,Wicket Keeper,TCS,78.26071321
Rajat Patidar,capped,Batter,TCS,79.39701588
Abhishek Sharma,capped,All Rounder,TCS,90.79344753
Faf du Plessis,capped,Batter,TCS,76.70437152
Angkrish Raghuvanshi,capped,Batter,TCS,80.52323746
Tilak Varma,capped,Batter,TCS,75.67213956
Sediqullah Atal,capped,Batter,TCS,74.52143374
Jos Buttler,Elite,Wicket Keeper,TCS,65.57295434
Riyan Parag,capped,All Rounder,TCS,77.8019627
Ruturaj Gaikwad,capped,Batter,TCS,79.02591589
Tristan Stubbs,capped,Wicket Keeper,TCS,58.13436122
Ayush Badoni,capped,All Rounder,TCS,83.4407048
K L Rahul,Elite,Wicket Keeper,TCS,67.77033196
Nitish Rana,capped,Batter,TCS,74.92336852
Will Jacks,capped,All Rounder,TCS,78.862204
Rahmanullah Gurbaz,capped,Wicket Keeper,TCS,72.84120532
Rachin Ravindra,capped,All Rounder,TCS,67.08626147
David Miller,capped,Batter,TCS,58.95865944
Sherfane Rutherford,capped,All Rounder,TCS,75.41076391
Naman Dhir,capped,Batter,TCS,59.50670383
Shimron Hetmyer,capped,Batter,TCS,67.72427924
Tim David,capped,Batter,TCS,58.04933504
Ashutosh Sharma,capped,All Rounder,TCS,65.2513906
Mayank Agarwal,capped,Batter,TCS,57.11689006
Vijay Shankar,capped,All Rounder,TCS,61.00312826
Rinku Singh,capped,Batter,TCS,61.35927346
Rahul Tewatia,capped,All Rounder,TCS,52.41104935
Prasidh Krishna,capped,Bowler,TCS,55.99320028
Shahrukh Khan,capped,All Rounder,TCS,68.69969199
Sunil Narine,Elite,All Rounder,TCS,73.7018419
Corbin Bosch,capped,All Rounder,TCS,77.26139864
Arshad Khan,Uncapped,All Rounder,TCS,66.41010706
Rishabh Pant,Elite,Wicket Keeper,TCS,56.42706817
Shivam Dube,capped,All Rounder,TCS,71.12970889
Jasprit Bumrah,Elite,Bowler,TCS,52.80638831
Harsh Dubey,Uncapped,All Rounder,TCS,61.79427648
Jaydev Unadkat,capped,Bowler,TCS,54.42285459
Marco Jansen,capped,All Rounder,TCS,55.06260169
Venkatesh Iyer,Elite,All Rounder,TCS,65.97909525
Mustafizur Rahman,capped,Bowler,TCS,52.72815164
Eshan Malinga,capped,Bowler,TCS,56.43014542
Rahul Tripathi,capped,Batter,TCS,58.47207748
Quinton de Kock,capped,Wicket Keeper,TCS,62.01168021
Lungisani Ngidi,capped,Bowler,TCS,60.45732327
Ramandeep Singh,capped,All Rounder,TCS,53.71820708
Axar Patel,Elite,All Rounder,TCS,64.71931952
Mathew Breetzke,capped,Wicket Keeper,TCS,57.20319624
Mitchell Santner,capped,All Rounder,TCS,55.33997023
Abhinav Manohar,capped,Batter,TCS,61.67533541
Krunal Pandya,capped,All Rounder,TCS,60.7461713
MS Dhoni,Elite,Wicket Keeper,TCS,53.37030851
Ashwani Kumar,Uncapped,Bowler,TCS,58.88858919
Noor Ahmad,capped,Bowler,TCS,55.7767938
Romario Shepherd,capped,All Rounder,TCS,55.99276138
Nitish Kumar Reddy,capped,All Rounder,TCS,65.18132344
Washington Sundar,capped,All Rounder,TCS,80.66574141
Harpreet Brar,capped,Bowler,TCS,56.69935052
Anshul Kamboj,capped,All Rounder,TCS,53.84314678
Shashank Singh,capped,All Rounder,TCS,58.3793715
Prince Yadav,Uncapped,Bowler,TCS,52.05831942
Jake Frazer McGurk,capped,Batter,TCS,60.85916536
Akash Singh,Uncapped,Bowler,TCS,59.7077068
Harshit Rana,capped,Bowler,TCS,59.46926527
Azmatullah Omarzai,capped,All Rounder,TCS,60.43579127
Yudhvir Singh Charak,Uncapped,Bowler,TCS,55.37425732
Praveen Dubey,Uncapped,All Rounder,TCS,60.04064398
Jofra Archer,capped,Bowler,TCS,62.46532062
Glenn Maxwell,capped,Batter,TCS,62.79252299
Akash Madhwal,Uncapped,Bowler,TCS,56.39058781
Nuwan Thushara,capped,Bowler,TCS,56.94259047
Josh Hazlewood,Elite,Bowler,TCS,53.65332416
Abdul Samad,capped,All Rounder,TCS,58.06538186
Kuldeep Yadav,Elite,Bowler,TCS,54.12906302
Rovman powell,capped,Batter,TCS,56.23568003
Digvesh Rathi,Uncapped,Bowler,TCS,61.48266943
Sai Kishore,capped,All Rounder,TCS,55.50280419
William O'Rourke,capped,Bowler,TCS,57.48850509
Mukesh Choudhary,Uncapped,Bowler,TCS,51.25473602
Madhav Tiwari,Uncapped,All Rounder,TCS,54.79761694
Sam Curran,capped,All Rounder,TCS,72.68567592
Varun Chakaravarthy,capped,Bowler,TCS,53.30397149
Andre Russell,capped,All Rounder,TCS,68.66174734
Kamindu Mendis,capped,All Rounder,TCS,58.41470353
Ravichandran Ashwin,Elite,All Rounder,TCS,55.93442429
Kulwant Khejroliya,Uncapped,Bowler,TCS,54.78991203
Pat Cummins,Elite,Bowler,TCS,54.47854241
Yash Thakur,Uncapped,Bowler,TCS,56.58164388
Mohammed Siraj,capped,Bowler,TCS,52.94349319
Arshdeep Singh,Elite,Bowler,TCS,53.06331623
Hardik Pandya,Elite,All Rounder,TCS,59.39528206
Wanindu Hasaranga,capped,All Rounder,TCS,56.74221131
Sandeep Sharma,capped,Bowler,TCS,52.83390886
Lockie Ferguson,capped,Bowler,TCS,56.18832616
Robin Minz,Uncapped,Wicket Keeper,TCS,53.81043849
Khaleel Ahmed,capped,Bowler,TCS,51.74814461
Vaibhav Arora,capped,Bowler,TCS,54.13621746
Tushar Deshpande,capped,Bowler,TCS,51.99612708
Shahbaz Ahmed,Uncapped,All Rounder,TCS,68.42575908
Karn Sharma,capped,Bowler,TCS,54.00422707
Xavier Bartlett,capped,Bowler,TCS,71.57724095
Harshal Patel,capped,Bowler,TCS,55.85698629
Maheesh Theekshana,capped,Bowler,TCS,54.7963228
Kumar Kartikeya Singh,Uncapped,Bowler,TCS,66.70743279
Vijaykumar Vyshak,capped,Bowler,TCS,50.59574916
Anukul Roy,Uncapped,All Rounder,TCS,57.3522358
Yuzvendra Chahal,Elite,Bowler,TCS,51.63980832
Vignesh Puthur,Uncapped,Bowler,TCS,57.1549388
Manimaran Siddharth,Uncapped,Bowler,TCS,53.59810291
Matheesha Pathirana,capped,Bowler,TCS,51.78771593
Rashid Khan,Elite,All Rounder,TCS,54.33673048
Gerald Coetzee,capped,Bowler,TCS,64.53891192
Marcus Stoinis,capped,All Rounder,TCS,53.35330747
Shardul Thakur,capped,All Rounder,TCS,56.36343728
Akash Deep,capped,Bowler,TCS,51.41899636
Trent Boult,capped,Bowler,TCS,53.40214889
Deepak Chahar,capped,Bowler,TCS,52.21562073
Ravi Bishnoi,capped,Bowler,TCS,55.5366794
Deepak Hooda,capped,All Rounder,TCS,54.56614224
Bhuvneshwar Kumar,capped,Bowler,TCS,56.78955857
Adam Zampa,capped,Bowler,TCS,53.03730017
Mitchell Starc,Elite,Bowler,TCS,52.24337066
Moeen Ali,capped,All Rounder,TCS,55.61566614
Donovan Ferreira,capped,Wicket Keeper,TCS,49.17633456
Ravindra Jadeja,Elite,All Rounder,TCS,58.07033559
Yash Dayal,capped,Bowler,TCS,53.22229231
Mohit Sharma,capped,Bowler,TCS,49.24899038
Mukesh Kumar,capped,Bowler,TCS,53.06655176
Avesh Khan,capped,Bowler,TCS,53.61322993
Manoj Bhandage,Uncapped,All Rounder,TCS,50.01114704
Nathan Ellis,capped,Bowler,TCS,51.1558254
Mohammad Shami,capped,Bowler,TCS,52.16178268
Kagiso Rabada,Elite,Bowler,TCS,50.6423425
V Satyanarayana Penmetsa,Uncapped,Bowler,TCS,51.42816234
Mujeeb Ur Rahman,capped,Bowler,TCS,51.18201935
Zeeshan Ansari,Uncapped,Bowler,TCS,55.78137332
Fazalhaq Farooqi,capped,Bowler,TCS,48.50873126
Suyash Sharma,capped,Bowler,TCS,50.10929333
Mayank Yadav,capped,Bowler,TCS,50.88470545
Kwena Maphaka,capped,Bowler,TCS,50.59802771
Ishant Sharma,capped,Bowler,TCS,50.91900277
Liam Livingstone,capped,All Rounder,TCS,60.72893752
Jamie Overton,capped,Bowler,TCS,49.06012015
Dushmantha Chameera,capped,Bowler,TCS,52.28843705
Suryansh Shedge,Uncapped,All Rounder,TCS,55.68995898
Wiaan Mulder,capped,All Rounder,TCS,57.6053949
Simarjeet Singh,Uncapped,Bowler,TCS,53.80447626
Rasikh Dar Salam,capped,Bowler,TCS,49.88267076
Anrich Nortje,capped,Bowler,TCS,49.26490605
Spencer Johnson,capped,Bowler,TCS,49.1353758
Kyle Jamieson,capped,Bowler,TCS,30.0
Chetan Sakariya,Uncapped,Bowler,TCS,30.0
Rahul Chahar,capped,Bowler,TCS,30.0
T Natarajan,capped,Bowler,TCS,30.0
Karim Janat,Uncapped,All Rounder,TCS,30.0
Kuldeep Sen,Uncapped,Bowler,TCS,30.0
Vishnu Vinod,capped,Wicket Keeper,TCS,30.0
Nishant Sindhu,capped,All Rounder,TCS,30.0
Swastik Chikara,Uncapped,Batter,TCS,30.0
Shamar Joseph,capped,Bowler,TCS,30.0
Aryan Juyal,Uncapped,Wicket Keeper,TCS,30.0
RS Hangargekar,Uncapped,All Rounder,TCS,30.0
Yuvraj Chaudhary,Uncapped,All Rounder,TCS,30.0
Arshin Kulkarni,Uncapped,All Rounder,TCS,30.0
Himmat Singh,Uncapped,Batter,TCS,30.0
Nandre Burger,capped,Bowler,TCS,30.0
Ashok Sharma,Uncapped,Bowler,TCS,30.0
Swapnil Singh,Uncapped,All Rounder,TCS,30.0
Mahipal Lomror,capped,All Rounder,TCS,30.0
Lhuan-dre Pretorius,Uncapped,Wicket Keeper,TCS,30.0
Kunal Rathore,Uncapped,Wicket Keeper,TCS,30.0
Shreyas Gopal,Uncapped,Bowler,TCS,30.0
Kamlesh Nagarkoti,Uncapped,Bowler,TCS,30.0
Luvnith Sisodia,Uncapped,Wicket Keeper,TCS,30.0
Darshan Nalkande,Uncapped,All Rounder,TCS,30.0
Mayank Markande,Uncapped,Bowler,TCS,30.0
Vansh Bedi,Uncapped,Wicket Keeper,TCS,30.0
Ramakrishna Ghosh,Uncapped,All Rounder,TCS,30.0
Ajay Jadav Mandal,Uncapped,All Rounder,TCS,30.0
Umran Malik,capped,Bowler,TCS,30.0
Tripurana Vijay,Uncapped,All Rounder,TCS,30.0
Dasun Shanaka,capped,All Rounder,TCS,30.0
Mohit Rathee,Uncapped,All Rounder,TCS,30.0
Arjun Tendulkar,capped,All Rounder,TCS,30.0
Lizaad Williams,capped,Bowler,TCS,30.0
Raghu Sharma,Uncapped,Bowler,TCS,30.0
Tim Seifert,capped,Wicket Keeper,TCS,30.0
Andre Siddarth,Uncapped,Batter,TCS,30.0
Reece Topley,capped,Bowler,TCS,30.0
Harnoor Singh,Uncapped,Batter,TCS,30.0
Pyla Avinash,Uncapped,Batter,TCS,30.0
Jonny Bairstow,capped,Wicket Keeper,TCS,30.0
Krishnan Shrijith,Uncapped,Wicket Keeper,TCS,30.0
Abhinandan Singh,Uncapped,Bowler,TCS,30.0
Blessing Muzarabani,Uncapped,Bowler,TCS,30.0
Charith Asalanka,capped,All Rounder,TCS,30.0
Jayant Yadav,Uncapped,All Rounder,TCS,30.0
Raj Bawa,Uncapped,All Rounder,TCS,30.0
Bevon Jacobs,capped,All Rounder,TCS,30.0
Sachin Baby,Uncapped,Batter,TCS,30.0
Musheer Khan,Uncapped,All Rounder,TCS,30.0
Gurnoor Brar,Uncapped,Bowler,TCS,30.0
Manvanth Kumar L,Uncapped,All Rounder,TCS,30.0
Kusal Mendis,capped,Wicket Keeper,TCS,30.0
Aaron Hardie,Uncapped,All Rounder,TCS,30.0
Anuj Rawat,Uncapped,Wicket Keeper,TCS,30.0
Kumar Kushagra,Uncapped,Wicket Keeper,TCS,30.0
Mitchell Owen,capped,All Rounder,TCS,30.0
Manav Suthar,Uncapped,Bowler,TCS,30.0
Vaibhav Suryavanshi,Uncapped,Batter,RSI,99.15995623
Ayush Mhatre,Uncapped,Batter,RSI,97.83431405
Priyansh Arya,Uncapped,Batter,RSI,97.38162606
Urvil Patel,Uncapped,Wicket Keeper,RSI,94.74056855
Abishek Porel,Uncapped,Wicket Keeper,RSI,86.16945086
Aniket Verma,Uncapped,Batter,RSI,87.43151872
Mitchell Marsh,capped,All Rounder,RSI,74.89332491
Dewald Brevis,capped,Batter,RSI,85.37426238
Yashasvi Jaiswal,capped,Batter,RSI,83.89768722
Sai Sudharsan,capped,Batter,RSI,87.39412013
Phil Salt,capped,Wicket Keeper,RSI,77.81690503
Josh Inglis,capped,Wicket Keeper,RSI,72.5134838
Heinrich Klaasen,capped,Wicket Keeper,RSI,84.28590932
Prabhsimran Singh,capped,Wicket Keeper,RSI,81.69365656
Virat Kohli,Elite,Batter,RSI,73.43119893
Ajinkya Rahane,capped,Batter,RSI,75.13235527
Shaik Rasheed,Uncapped,Batter,RSI,66.34597222
Aiden Markram,capped,Batter,RSI,77.11915204
Jacob Bethell,capped,All Rounder,RSI,66.49295553
Surya kumar Yadav,Elite,Batter,RSI,77.24561864
Shubman Gill,Elite,Batter,RSI,75.16829177
Manish Pandey,capped,Batter,RSI,71.64288903
Sameer Rizvi,capped,Batter,RSI,75.94779038
Karun Nair,capped,Batter,RSI,73.09796624
Shubham Dubey,Uncapped,Batter,RSI,76.5437541
Atharva Taide,Uncapped,Batter,RSI,68.83570865
Sanju Samson,capped,Wicket Keeper,RSI,73.12261689
Travis Head,Elite,Batter,RSI,67.23826895
Dhruv Jurel,capped,Wicket Keeper,RSI,71.55792448
Devdutt Padikkal,capped,Batter,RSI,69.82253008
Jitesh Sharma,capped,Wicket Keeper,RSI,73.87552425
Shreyas Iyer,Elite,Batter,RSI,72.36885305
Nehal Wadhera,capped,Batter,RSI,69.21671066
Ryan Rickelton,capped,Wicket Keeper,RSI,71.58246704
Rohit Sharma,Elite,Batter,RSI,75.24201244
Nicholas Pooran,Elite,Wicket Keeper,RSI,76.17055812
Ishan Kishan,capped,Wicket Keeper,RSI,73.26875753
Vipraj Nigam,Uncapped,Bowler,RSI,30.0
Devon Conway,capped,Wicket Keeper,RSI,66.6624401
Rajat Patidar,capped,Batter,RSI,66.42186236
Abhishek Sharma,capped,All Rounder,RSI,55.85350858
Faf du Plessis,capped,Batter,RSI,64.63919606
Angkrish Raghuvanshi,capped,Batter,RSI,68.94280308
Tilak Varma,capped,Batter,RSI,66.62445011
Sediqullah Atal,capped,Batter,RSI,63.81527519
Jos Buttler,Elite,Wicket Keeper,RSI,73.16020349
Riyan Parag,capped,All Rounder,RSI,52.93341476
Ruturaj Gaikwad,capped,Batter,RSI,69.80018824
Tristan Stubbs,capped,Wicket Keeper,RSI,66.13582447
Ayush Badoni,capped,All Rounder,RSI,49.94375959
K L Rahul,Elite,Wicket Keeper,RSI,71.45293766
Nitish Rana,capped,Batter,RSI,66.65585184
Will Jacks,capped,All Rounder,RSI,49.16395132
Rahmanullah Gurbaz,capped,Wicket Keeper,RSI,59.96523043
Rachin Ravindra,capped,All Rounder,RSI,57.5215882
David Miller,capped,Batter,RSI,59.96190471
Sherfane Rutherford,capped,All Rounder,RSI,61.51585165
Naman Dhir,capped,Batter,RSI,69.86449244
Shimron Hetmyer,capped,Batter,RSI,62.28970822
Tim David,capped,Batter,RSI,71.42310437
Ashutosh Sharma,capped,All Rounder,RSI,59.36564378
Mayank Agarwal,capped,Batter,RSI,69.92131785
Vijay Shankar,capped,All Rounder,RSI,56.36075686
Rinku Singh,capped,Batter,RSI,65.46988398
Rahul Tewatia,capped,All Rounder,RSI,52.13299458
Prasidh Krishna,capped,Bowler,RSI,53.91301018
Shahrukh Khan,capped,All Rounder,RSI,30.0
Sunil Narine,Elite,All Rounder,RSI,53.46622426
Corbin Bosch,capped,All Rounder,RSI,53.84533137
Arshad Khan,Uncapped,All Rounder,RSI,30.0
Rishabh Pant,Elite,Wicket Keeper,RSI,58.78145858
Shivam Dube,capped,All Rounder,RSI,30.0
Jasprit Bumrah,Elite,Bowler,RSI,53.67419157
Harsh Dubey,Uncapped,All Rounder,RSI,30.0
Jaydev Unadkat,capped,Bowler,RSI,51.05192825
Marco Jansen,capped,All Rounder,RSI,48.45640142
Venkatesh Iyer,Elite,All Rounder,RSI,53.60891406
Mustafizur Rahman,capped,Bowler,RSI,47.7036404
Eshan Malinga,capped,Bowler,RSI,50.97396518
Rahul Tripathi,capped,Batter,RSI,52.86506815
Quinton de Kock,capped,Wicket Keeper,RSI,62.48230875
Lungisani Ngidi,capped,Bowler,RSI,49.58853472
Ramandeep Singh,capped,All Rounder,RSI,50.48278419
Axar Patel,Elite,All Rounder,RSI,49.94673082
Mathew Breetzke,capped,Wicket Keeper,RSI,55.95169158
Mitchell Santner,capped,All Rounder,RSI,30.0
Abhinav Manohar,capped,Batter,RSI,53.93952624
Krunal Pandya,capped,All Rounder,RSI,51.57496376
MS Dhoni,Elite,Wicket Keeper,RSI,55.46728771
Ashwani Kumar,Uncapped,Bowler,RSI,30.0
Noor Ahmad,capped,Bowler,RSI,50.9853245
Romario Shepherd,capped,All Rounder,RSI,68.05713616
Nitish Kumar Reddy,capped,All Rounder,RSI,47.3037931
Washington Sundar,capped,All Rounder,RSI,30.0
Harpreet Brar,capped,Bowler,RSI,48.1851006
Anshul Kamboj,capped,All Rounder,RSI,30.0
Shashank Singh,capped,All Rounder,RSI,30.0
Prince Yadav,Uncapped,Bowler,RSI,30.0
Jake Frazer McGurk,capped,Batter,RSI,52.86487007
Akash Singh,Uncapped,Bowler,RSI,30.0
Harshit Rana,capped,Bowler,RSI,30.0
Azmatullah Omarzai,capped,All Rounder,RSI,47.55001044
Yudhvir Singh Charak,Uncapped,Bowler,RSI,30.0
Praveen Dubey,Uncapped,All Rounder,RSI,30.0
Jofra Archer,capped,Bowler,RSI,30.0
Glenn Maxwell,capped,Batter,RSI,51.6426925
Akash Madhwal,Uncapped,Bowler,RSI,30.0
Nuwan Thushara,capped,Bowler,RSI,48.15043027
Josh Hazlewood,Elite,Bowler,RSI,50.62475858
Abdul Samad,capped,All Rounder,RSI,30.0
Kuldeep Yadav,Elite,Bowler,RSI,47.53374797
Rovman powell,capped,Batter,RSI,49.64311659
Digvesh Rathi,Uncapped,Bowler,RSI,30.0
Sai Kishore,capped,All Rounder,RSI,30.0
William O'Rourke,capped,Bowler,RSI,30.0
Mukesh Choudhary,Uncapped,Bowler,RSI,30.0
Madhav Tiwari,Uncapped,All Rounder,RSI,48.23371122
Sam Curran,capped,All Rounder,RSI,30.0
Varun Chakaravarthy,capped,Bowler,RSI,48.22248591
Andre Russell,capped,All Rounder,RSI,30.0
Kamindu Mendis,capped,All Rounder,RSI,47.55504698
Ravichandran Ashwin,Elite,All Rounder,RSI,30.0
Kulwant Khejroliya,Uncapped,Bowler,RSI,30.0
Pat Cummins,Elite,Bowler,RSI,30.0
Yash Thakur,Uncapped,Bowler,RSI,30.0
Mohammed Siraj,capped,Bowler,RSI,30.0
Arshdeep Singh,Elite,Bowler,RSI,47.57859831
Hardik Pandya,Elite,All Rounder,RSI,51.46962319
Wanindu Hasaranga,capped,All Rounder,RSI,30.0
Sandeep Sharma,capped,Bowler,RSI,30.0
Lockie Ferguson,capped,Bowler,RSI,30.0
Robin Minz,Uncapped,Wicket Keeper,RSI,48.15043027
Khaleel Ahmed,capped,Bowler,RSI,30.0
Vaibhav Arora,capped,Bowler,RSI,30.0
Tushar Deshpande,capped,Bowler,RSI,30.0
Shahbaz Ahmed,Uncapped,All Rounder,RSI,30.0
Karn Sharma,capped,Bowler,RSI,30.0
Xavier Bartlett,capped,Bowler,RSI,30.0
Harshal Patel,capped,Bowler,RSI,30.0
Maheesh Theekshana,capped,Bowler,RSI,30.0
Kumar Kartikeya Singh,Uncapped,Bowler,RSI,30.0
Vijaykumar Vyshak,capped,Bowler,RSI,30.0
Anukul Roy,Uncapped,All Rounder,RSI,30.0
Yuzvendra Chahal,Elite,Bowler,RSI,30.0
Vignesh Puthur,Uncapped,Bowler,RSI,30.0
Manimaran Siddharth,Uncapped,Bowler,RSI,30.0
Matheesha Pathirana,capped,Bowler,RSI,30.0
Rashid Khan,Elite,All Rounder,RSI,30.0
Gerald Coetzee,capped,Bowler,RSI,30.0
Marcus Stoinis,capped,All Rounder,RSI,30.0
Shardul Thakur,capped,All Rounder,RSI,30.0
Akash Deep,capped,Bowler,RSI,30.0
Trent Boult,capped,Bowler,RSI,30.0
Deepak Chahar,capped,Bowler,RSI,30.0
Ravi Bishnoi,capped,Bowler,RSI,30.0
Deepak Hooda,capped,All Rounder,RSI,30.0
Bhuvneshwar Kumar,capped,Bowler,RSI,30.0
Adam Zampa,capped,Bowler,RSI,30.0
Mitchell Starc,Elite,Bowler,RSI,30.0
Moeen Ali,capped,All Rounder,RSI,30.0
Donovan Ferreira,capped,Wicket Keeper,RSI,47.26418665
Ravindra Jadeja,Elite,All Rounder,RSI,30.0
Yash Dayal,capped,Bowler,RSI,30.0
Mohit Sharma,capped,Bowler,RSI,30.0
Mukesh Kumar,capped,Bowler,RSI,30.0
Avesh Khan,capped,Bowler,RSI,30.0
Manoj Bhandage,Uncapped,All Rounder,RSI,47.25078202
Nathan Ellis,capped,Bowler,RSI,30.0
Mohammad Shami,capped,Bowler,RSI,30.0
Kagiso Rabada,Elite,Bowler,RSI,30.0
V Satyanarayana Penmetsa,Uncapped,Bowler,RSI,30.0
Mujeeb Ur Rahman,capped,Bowler,RSI,30.0
Zeeshan Ansari,Uncapped,Bowler,RSI,30.0
Fazalhaq Farooqi,capped,Bowler,RSI,30.0
Suyash Sharma,capped,Bowler,RSI,30.0
Mayank Yadav,capped,Bowler,RSI,30.0
Kwena Maphaka,capped,Bowler,RSI,30.0
Ishant Sharma,capped,Bowler,RSI,30.0
Liam Livingstone,capped,All Rounder,RSI,30.0
Jamie Overton,capped,Bowler,RSI,30.0
Dushmantha Chameera,capped,Bowler,RSI,30.0
Suryansh Shedge,Uncapped,All Rounder,RSI,30.0
Wiaan Mulder,capped,All Rounder,RSI,30.0
Simarjeet Singh,Uncapped,Bowler,RSI,30.0
Rasikh Dar Salam,capped,Bowler,RSI,30.0
Anrich Nortje,capped,Bowler,RSI,30.0
Spencer Johnson,capped,Bowler,RSI,30.0
Kyle Jamieson,capped,Bowler,RSI,30.0
Chetan Sakariya,Uncapped,Bowler,RSI,30.0
Rahul Chahar,capped,Bowler,RSI,30.0
T Natarajan,capped,Bowler,RSI,30.0
Karim Janat,Uncapped,All Rounder,RSI,30.0
Kuldeep Sen,Uncapped,Bowler,RSI,30.0
Vishnu Vinod,capped,Wicket Keeper,RSI,30.0
Nishant Sindhu,capped,All Rounder,RSI,30.0
Swastik Chikara,Uncapped,Batter,RSI,30.0
Shamar Joseph,capped,Bowler,RSI,30.0
Aryan Juyal,Uncapped,Wicket Keeper,RSI,30.0
RS Hangargekar,Uncapped,All Rounder,RSI,30.0
Yuvraj Chaudhary,Uncapped,All Rounder,RSI,30.0
Arshin Kulkarni,Uncapped,All Rounder,RSI,30.0
Himmat Singh,Uncapped,Batter,RSI,30.0
Nandre Burger,capped,Bowler,RSI,30.0
Ashok Sharma,Uncapped,Bowler,RSI,30.0
Swapnil Singh,Uncapped,All Rounder,RSI,30.0
Mahipal Lomror,capped,All Rounder,RSI,30.0
Lhuan-dre Pretorius,Uncapped,Wicket Keeper,RSI,30.0
Kunal Rathore,Uncapped,Wicket Keeper,RSI,30.0
Shreyas Gopal,Uncapped,Bowler,RSI,30.0
Kamlesh Nagarkoti,Uncapped,Bowler,RSI,30.0
Luvnith Sisodia,Uncapped,Wicket Keeper,RSI,30.0
Darshan Nalkande,Uncapped,All Rounder,RSI,30.0
Mayank Markande,Uncapped,Bowler,RSI,30.0
Vansh Bedi,Uncapped,Wicket Keeper,RSI,30.0
Ramakrishna Ghosh,Uncapped,All Rounder,RSI,30.0
Ajay Jadav Mandal,Uncapped,All Rounder,RSI,30.0
Umran Malik,capped,Bowler,RSI,30.0
Tripurana Vijay,Uncapped,All Rounder,RSI,30.0
Dasun Shanaka,capped,All Rounder,RSI,30.0
Mohit Rathee,Uncapped,All Rounder,RSI,30.0
Arjun Tendulkar,capped,All Rounder,RSI,30.0
Lizaad Williams,capped,Bowler,RSI,30.0
Raghu Sharma,Uncapped,Bowler,RSI,30.0
Tim Seifert,capped,Wicket Keeper,RSI,30.0
Andre Siddarth,Uncapped,Batter,RSI,30.0
Reece Topley,capped,Bowler,RSI,30.0
Harnoor Singh,Uncapped,Batter,RSI,30.0
Pyla Avinash,Uncapped,Batter,RSI,30.0
Jonny Bairstow,capped,Wicket Keeper,RSI,30.0
Krishnan Shrijith,Uncapped,Wicket Keeper,RSI,30.0
Abhinandan Singh,Uncapped,Bowler,RSI,30.0
Blessing Muzarabani,Uncapped,Bowler,RSI,30.0
Charith Asalanka,capped,All Rounder,RSI,30.0
Jayant Yadav,Uncapped,All Rounder,RSI,30.0
Raj Bawa,Uncapped,All Rounder,RSI,30.0
Bevon Jacobs,capped,All Rounder,RSI,30.0
Sachin Baby,Uncapped,Batter,RSI,30.0
Musheer Khan,Uncapped,All Rounder,RSI,30.0
Gurnoor Brar,Uncapped,Bowler,RSI,30.0
Manvanth Kumar L,Uncapped,All Rounder,RSI,30.0
Kusal Mendis,capped,Wicket Keeper,RSI,30.0
Aaron Hardie,Uncapped,All Rounder,RSI,30.0
Anuj Rawat,Uncapped,Wicket Keeper,RSI,30.0
Kumar Kushagra,Uncapped,Wicket Keeper,RSI,30.0
Mitchell Owen,capped,All Rounder,RSI,30.0
Manav Suthar,Uncapped,Bowler,RSI,30.0
Vaibhav Suryavanshi,Uncapped,Batter,PPS,99.91862552
Ayush Mhatre,Uncapped,Batter,PPS,99.41900185
Priyansh Arya,Uncapped,Batter,PPS,98.90538478
Urvil Patel,Uncapped,Wicket Keeper,PPS,97.95369411
Abishek Porel,Uncapped,Wicket Keeper,PPS,80.17399894
Aniket Verma,Uncapped,Batter,PPS,83.93212052
Mitchell Marsh,capped,All Rounder,PPS,98.92629885
Dewald Brevis,capped,Batter,PPS,96.82462126
Yashasvi Jaiswal,capped,Batter,PPS,92.13306825
Sai Sudharsan,capped,Batter,PPS,80.10238309
Phil Salt,capped,Wicket Keeper,PPS,88.84964647
Josh Inglis,capped,Wicket Keeper,PPS,92.32447577
Heinrich Klaasen,capped,Wicket Keeper,PPS,80.70092129
Prabhsimran Singh,capped,Wicket Keeper,PPS,86.42921503
Virat Kohli,Elite,Batter,PPS,87.09199988
Ajinkya Rahane,capped,Batter,PPS,80.18795235
Shaik Rasheed,Uncapped,Batter,PPS,71.05453463
Aiden Markram,capped,Batter,PPS,78.08874077
Jacob Bethell,capped,All Rounder,PPS,89.12628682
Surya kumar Yadav,Elite,Batter,PPS,74.11834835
Shubman Gill,Elite,Batter,PPS,75.18367483
Manish Pandey,capped,Batter,PPS,73.81734272
Sameer Rizvi,capped,Batter,PPS,66.2062066
Karun Nair,capped,Batter,PPS,77.16990544
Shubham Dubey,Uncapped,Batter,PPS,62.98726534
Atharva Taide,Uncapped,Batter,PPS,72.26823865
Sanju Samson,capped,Wicket Keeper,PPS,75.30218317
Travis Head,Elite,Batter,PPS,86.89062388
Dhruv Jurel,capped,Wicket Keeper,PPS,73.62287777
Devdutt Padikkal,capped,Batter,PPS,75.25425128
Jitesh Sharma,capped,Wicket Keeper,PPS,66.27917333
Shreyas Iyer,Elite,Batter,PPS,73.69476837
Nehal Wadhera,capped,Batter,PPS,72.64374713
Ryan Rickelton,capped,Wicket Keeper,PPS,76.67815263
Rohit Sharma,Elite,Batter,PPS,79.62840697
Nicholas Pooran,Elite,Wicket Keeper,PPS,66.62572117
Ishan Kishan,capped,Wicket Keeper,PPS,76.16791756
Vipraj Nigam,Uncapped,Bowler,PPS,66.2129983
Devon Conway,capped,Wicket Keeper,PPS,81.0560359
Rajat Patidar,capped,Batter,PPS,67.25909708
Abhishek Sharma,capped,All Rounder,PPS,89.21462508
Faf du Plessis,capped,Batter,PPS,67.04888907
Angkrish Raghuvanshi,capped,Batter,PPS,69.43583479
Tilak Varma,capped,Batter,PPS,62.3575395
Sediqullah Atal,capped,Batter,PPS,70.26036733
Jos Buttler,Elite,Wicket Keeper,PPS,68.19485175
Riyan Parag,capped,All Rounder,PPS,61.81954359
Ruturaj Gaikwad,capped,Batter,PPS,67.81935574
Tristan Stubbs,capped,Wicket Keeper,PPS,57.69257087
Ayush Badoni,capped,All Rounder,PPS,70.22739991
K L Rahul,Elite,Wicket Keeper,PPS,66.21843143
Nitish Rana,capped,Batter,PPS,66.58193881
Will Jacks,capped,All Rounder,PPS,63.3398595
Rahmanullah Gurbaz,capped,Wicket Keeper,PPS,73.30737915
Rachin Ravindra,capped,All Rounder,PPS,67.50636058
David Miller,capped,Batter,PPS,68.80825792
Sherfane Rutherford,capped,All Rounder,PPS,74.65581751
Naman Dhir,capped,Batter,PPS,64.11707442
Shimron Hetmyer,capped,Batter,PPS,62.59523289
Tim David,capped,Batter,PPS,58.40706905
Ashutosh Sharma,capped,All Rounder,PPS,68.67149051
Mayank Agarwal,capped,Batter,PPS,60.12060465
Vijay Shankar,capped,All Rounder,PPS,61.15979905
Rinku Singh,capped,Batter,PPS,63.68989326
Rahul Tewatia,capped,All Rounder,PPS,59.95307176
Prasidh Krishna,capped,Bowler,PPS,57.4393126
Shahrukh Khan,capped,All Rounder,PPS,70.28801019
Sunil Narine,Elite,All Rounder,PPS,62.43931724
Corbin Bosch,capped,All Rounder,PPS,65.77135659
Arshad Khan,Uncapped,All Rounder,PPS,62.44466598
Rishabh Pant,Elite,Wicket Keeper,PPS,59.67412772
Shivam Dube,capped,All Rounder,PPS,68.49026019
Jasprit Bumrah,Elite,Bowler,PPS,57.63430997
Harsh Dubey,Uncapped,All Rounder,PPS,63.54794316
Jaydev Unadkat,capped,Bowler,PPS,58.70240564
Marco Jansen,capped,All Rounder,PPS,56.9027915
Venkatesh Iyer,Elite,All Rounder,PPS,64.74485474
Mustafizur Rahman,capped,Bowler,PPS,56.78209518
Eshan Malinga,capped,Bowler,PPS,59.20244546
Rahul Tripathi,capped,Batter,PPS,58.91430508
Quinton de Kock,capped,Wicket Keeper,PPS,60.59585833
Lungisani Ngidi,capped,Bowler,PPS,56.46924157
Ramandeep Singh,capped,All Rounder,PPS,60.70419681
Axar Patel,Elite,All Rounder,PPS,60.79161059
Mathew Breetzke,capped,Wicket Keeper,PPS,61.86902072
Mitchell Santner,capped,All Rounder,PPS,57.22158864
Abhinav Manohar,capped,Batter,PPS,64.13537007
Krunal Pandya,capped,All Rounder,PPS,56.50179052
MS Dhoni,Elite,Wicket Keeper,PPS,58.95424571
Ashwani Kumar,Uncapped,Bowler,PPS,58.86561365
Noor Ahmad,capped,Bowler,PPS,58.08187545
Romario Shepherd,capped,All Rounder,PPS,56.46460275
Nitish Kumar Reddy,capped,All Rounder,PPS,55.55752314
Washington Sundar,capped,All Rounder,PPS,61.24678772
Harpreet Brar,capped,Bowler,PPS,57.25902826
Anshul Kamboj,capped,All Rounder,PPS,57.37155594
Shashank Singh,capped,All Rounder,PPS,62.43640028
Prince Yadav,Uncapped,Bowler,PPS,56.4519155
Jake Frazer McGurk,capped,Batter,PPS,59.37621593
Akash Singh,Uncapped,Bowler,PPS,59.92738313
Harshit Rana,capped,Bowler,PPS,62.51155322
Azmatullah Omarzai,capped,All Rounder,PPS,56.01341116
Yudhvir Singh Charak,Uncapped,Bowler,PPS,59.65030072
Praveen Dubey,Uncapped,All Rounder,PPS,59.42176405
Jofra Archer,capped,Bowler,PPS,59.09945443
Glenn Maxwell,capped,Batter,PPS,56.8496136
Akash Madhwal,Uncapped,Bowler,PPS,59.08810299
Nuwan Thushara,capped,Bowler,PPS,56.02759793
Josh Hazlewood,Elite,Bowler,PPS,57.20922847
Abdul Samad,capped,All Rounder,PPS,63.35863691
Kuldeep Yadav,Elite,Bowler,PPS,55.4465973
Rovman powell,capped,Batter,PPS,57.45764208
Digvesh Rathi,Uncapped,Bowler,PPS,58.90375886
Sai Kishore,capped,All Rounder,PPS,55.44301284
William O'Rourke,capped,Bowler,PPS,59.07181812
Mukesh Choudhary,Uncapped,Bowler,PPS,56.61301864
Madhav Tiwari,Uncapped,All Rounder,PPS,56.00242861
Sam Curran,capped,All Rounder,PPS,65.65899662
Varun Chakaravarthy,capped,Bowler,PPS,57.08541691
Andre Russell,capped,All Rounder,PPS,59.29860972
Kamindu Mendis,capped,All Rounder,PPS,55.66314938
Ravichandran Ashwin,Elite,All Rounder,PPS,57.50550519
Kulwant Khejroliya,Uncapped,Bowler,PPS,59.23635311
Pat Cummins,Elite,Bowler,PPS,55.82564989
Yash Thakur,Uncapped,Bowler,PPS,56.63071925
Mohammed Siraj,capped,Bowler,PPS,54.89417754
Arshdeep Singh,Elite,Bowler,PPS,55.87017922
Hardik Pandya,Elite,All Rounder,PPS,57.93722078
Wanindu Hasaranga,capped,All Rounder,PPS,54.9239346
Sandeep Sharma,capped,Bowler,PPS,56.11201838
Lockie Ferguson,capped,Bowler,PPS,56.26412805
Robin Minz,Uncapped,Wicket Keeper,PPS,55.21598741
Khaleel Ahmed,capped,Bowler,PPS,55.81868764
Vaibhav Arora,capped,Bowler,PPS,56.70495285
Tushar Deshpande,capped,Bowler,PPS,55.74907052
Shahbaz Ahmed,Uncapped,All Rounder,PPS,57.32146354
Karn Sharma,capped,Bowler,PPS,56.246465
Xavier Bartlett,capped,Bowler,PPS,55.20117719
Harshal Patel,capped,Bowler,PPS,55.73941946
Maheesh Theekshana,capped,Bowler,PPS,55.67853647
Kumar Kartikeya Singh,Uncapped,Bowler,PPS,55.90570874
Vijaykumar Vyshak,capped,Bowler,PPS,55.85005107
Anukul Roy,Uncapped,All Rounder,PPS,57.83255543
Yuzvendra Chahal,Elite,Bowler,PPS,55.95445826
Vignesh Puthur,Uncapped,Bowler,PPS,57.22162284
Manimaran Siddharth,Uncapped,Bowler,PPS,58.52734303
Matheesha Pathirana,capped,Bowler,PPS,56.02029253
Rashid Khan,Elite,All Rounder,PPS,56.0052443
Gerald Coetzee,capped,Bowler,PPS,56.65642312
Marcus Stoinis,capped,All Rounder,PPS,56.22494226
Shardul Thakur,capped,All Rounder,PPS,58.26779407
Akash Deep,capped,Bowler,PPS,55.043759
Trent Boult,capped,Bowler,PPS,57.42230724
Deepak Chahar,capped,Bowler,PPS,55.76931659
Ravi Bishnoi,capped,Bowler,PPS,55.66398371
Deepak Hooda,capped,All Rounder,PPS,56.33018154
Bhuvneshwar Kumar,capped,Bowler,PPS,56.29051359
Adam Zampa,capped,Bowler,PPS,56.57090306
Mitchell Starc,Elite,Bowler,PPS,55.01504391
Moeen Ali,capped,All Rounder,PPS,56.56500848
Donovan Ferreira,capped,Wicket Keeper,PPS,54.14155863
Ravindra Jadeja,Elite,All Rounder,PPS,56.22877202
Yash Dayal,capped,Bowler,PPS,54.79732491
Mohit Sharma,capped,Bowler,PPS,54.27498775
Mukesh Kumar,capped,Bowler,PPS,56.35086507
Avesh Khan,capped,Bowler,PPS,56.40711388
Manoj Bhandage,Uncapped,All Rounder,PPS,54.08316337
Nathan Ellis,capped,Bowler,PPS,55.8953494
Mohammad Shami,capped,Bowler,PPS,55.10761756
Kagiso Rabada,Elite,Bowler,PPS,54.49975317
V Satyanarayana Penmetsa,Uncapped,Bowler,PPS,55.71153058
Mujeeb Ur Rahman,capped,Bowler,PPS,55.78330959
Zeeshan Ansari,Uncapped,Bowler,PPS,55.45247102
Fazalhaq Farooqi,capped,Bowler,PPS,54.20400217
Suyash Sharma,capped,Bowler,PPS,54.80781344
Mayank Yadav,capped,Bowler,PPS,55.84020078
Kwena Maphaka,capped,Bowler,PPS,55.09207554
Ishant Sharma,capped,Bowler,PPS,55.85417592
Liam Livingstone,capped,All Rounder,PPS,55.11148003
Jamie Overton,capped,Bowler,PPS,54.37487725
Dushmantha Chameera,capped,Bowler,PPS,55.1631698
Suryansh Shedge,Uncapped,All Rounder,PPS,54.91588915
Wiaan Mulder,capped,All Rounder,PPS,55.57351875
Simarjeet Singh,Uncapped,Bowler,PPS,54.59346761
Rasikh Dar Salam,capped,Bowler,PPS,55.05231684
Anrich Nortje,capped,Bowler,PPS,54.92551353
Spencer Johnson,capped,Bowler,PPS,54.43765609
Kyle Jamieson,capped,Bowler,PPS,54.40650821
Chetan Sakariya,Uncapped,Bowler,PPS,54.33789567
Rahul Chahar,capped,Bowler,PPS,54.118335
T Natarajan,capped,Bowler,PPS,54.02507416
Karim Janat,Uncapped,All Rounder,PPS,30.0
Kuldeep Sen,Uncapped,Bowler,PPS,30.0
Vishnu Vinod,capped,Wicket Keeper,PPS,30.0
Nishant Sindhu,capped,All Rounder,PPS,30.0
Swastik Chikara,Uncapped,Batter,PPS,30.0
Shamar Joseph,capped,Bowler,PPS,30.0
Aryan Juyal,Uncapped,Wicket Keeper,PPS,30.0
RS Hangargekar,Uncapped,All Rounder,PPS,30.0
Yuvraj Chaudhary,Uncapped,All Rounder,PPS,30.0
Arshin Kulkarni,Uncapped,All Rounder,PPS,30.0
Himmat Singh,Uncapped,Batter,PPS,30.0
Nandre Burger,capped,Bowler,PPS,30.0
Ashok Sharma,Uncapped,Bowler,PPS,30.0
Swapnil Singh,Uncapped,All Rounder,PPS,30.0
Mahipal Lomror,capped,All Rounder,PPS,30.0
Lhuan-dre Pretorius,Uncapped,Wicket Keeper,PPS,30.0
Kunal Rathore,Uncapped,Wicket Keeper,PPS,30.0
Shreyas Gopal,Uncapped,Bowler,PPS,30.0
Kamlesh Nagarkoti,Uncapped,Bowler,PPS,30.0
Luvnith Sisodia,Uncapped,Wicket Keeper,PPS,30.0
Darshan Nalkande,Uncapped,All Rounder,PPS,30.0
Mayank Markande,Uncapped,Bowler,PPS,30.0
Vansh Bedi,Uncapped,Wicket Keeper,PPS,30.0
Ramakrishna Ghosh,Uncapped,All Rounder,PPS,30.0
Ajay Jadav Mandal,Uncapped,All Rounder,PPS,30.0
Umran Malik,capped,Bowler,PPS,30.0
Tripurana Vijay,Uncapped,All Rounder,PPS,30.0
Dasun Shanaka,capped,All Rounder,PPS,30.0
Mohit Rathee,Uncapped,All Rounder,PPS,30.0
Arjun Tendulkar,capped,All Rounder,PPS,30.0
Lizaad Williams,capped,Bowler,PPS,30.0
Raghu Sharma,Uncapped,Bowler,PPS,30.0
Tim Seifert,capped,Wicket Keeper,PPS,30.0
Andre Siddarth,Uncapped,Batter,PPS,30.0
Reece Topley,capped,Bowler,PPS,30.0
Harnoor Singh,Uncapped,Batter,PPS,30.0
Pyla Avinash,Uncapped,Batter,PPS,30.0
Jonny Bairstow,capped,Wicket Keeper,PPS,30.0
Krishnan Shrijith,Uncapped,Wicket Keeper,PPS,30.0
Abhinandan Singh,Uncapped,Bowler,PPS,30.0
Blessing Muzarabani,Uncapped,Bowler,PPS,30.0
Charith Asalanka,capped,All Rounder,PPS,30.0
Jayant Yadav,Uncapped,All Rounder,PPS,30.0
Raj Bawa,Uncapped,All Rounder,PPS,30.0
Bevon Jacobs,capped,All Rounder,PPS,30.0
Sachin Baby,Uncapped,Batter,PPS,30.0
Musheer Khan,Uncapped,All Rounder,PPS,30.0
Gurnoor Brar,Uncapped,Bowler,PPS,30.0
Manvanth Kumar L,Uncapped,All Rounder,PPS,30.0
Kusal Mendis,capped,Wicket Keeper,PPS,30.0
Aaron Hardie,Uncapped,All Rounder,PPS,30.0
Anuj Rawat,Uncapped,Wicket Keeper,PPS,30.0
Kumar Kushagra,Uncapped,Wicket Keeper,PPS,30.0
Mitchell Owen,capped,All Rounder,PPS,30.0
Manav Suthar,Uncapped,Bowler,PPS,30.0
Vaibhav Suryavanshi,Uncapped,Batter,Final Phase,100.0
Ayush Mhatre,Uncapped,Batter,Final Phase,100.0
Priyansh Arya,Uncapped,Batter,Final Phase,100.0
Urvil Patel,Uncapped,Wicket Keeper,Final Phase,100.0
Abishek Porel,Uncapped,Wicket Keeper,Final Phase,99.86199633
Aniket Verma,Uncapped,Batter,Final Phase,100.0
Mitchell Marsh,capped,All Rounder,Final Phase,90.44377116
Dewald Brevis,capped,Batter,Final Phase,89.42748465
Yashasvi Jaiswal,capped,Batter,Final Phase,88.69484173
Sai Sudharsan,capped,Batter,Final Phase,83.35716038
Phil Salt,capped,Wicket Keeper,Final Phase,82.01091882
Josh Inglis,capped,Wicket Keeper,Final Phase,88.83417533
Heinrich Klaasen,capped,Wicket Keeper,Final Phase,92.3693303
Prabhsimran Singh,capped,Wicket Keeper,Final Phase,81.07830373
Virat Kohli,Elite,Batter,Final Phase,78.62376976
Ajinkya Rahane,capped,Batter,Final Phase,80.54420448
Shaik Rasheed,Uncapped,Batter,Final Phase,82.08256024
Aiden Markram,capped,Batter,Final Phase,72.64126372
Jacob Bethell,capped,All Rounder,Final Phase,85.9560679
Surya kumar Yadav,Elite,Batter,Final Phase,78.06273187
Shubman Gill,Elite,Batter,Final Phase,72.87249904
Manish Pandey,capped,Batter,Final Phase,80.02844686
Sameer Rizvi,capped,Batter,Final Phase,85.19189661
Karun Nair,capped,Batter,Final Phase,70.90744815
Shubham Dubey,Uncapped,Batter,Final Phase,99.70304292
Atharva Taide,Uncapped,Batter,Final Phase,100.0
Sanju Samson,capped,Wicket Keeper,Final Phase,78.06617285
Travis Head,Elite,Batter,Final Phase,72.1118936
Dhruv Jurel,capped,Wicket Keeper,Final Phase,81.52203741
Devdutt Padikkal,capped,Batter,Final Phase,71.12451981
Jitesh Sharma,capped,Wicket Keeper,Final Phase,87.59563385
Shreyas Iyer,Elite,Batter,Final Phase,70.40516344
Nehal Wadhera,capped,Batter,Final Phase,71.61546736
Ryan Rickelton,capped,Wicket Keeper,Final Phase,77.81499454
Rohit Sharma,Elite,Batter,Final Phase,66.26399193
Nicholas Pooran,Elite,Wicket Keeper,Final Phase,69.54824664
Ishan Kishan,capped,Wicket Keeper,Final Phase,82.13012007
Vipraj Nigam,Uncapped,Bowler,Final Phase,79.84605441
Devon Conway,capped,Wicket Keeper,Final Phase,73.83397962
Rajat Patidar,capped,Batter,Final Phase,68.14037105
Abhishek Sharma,capped,All Rounder,Final Phase,74.36417169
Faf du Plessis,capped,Batter,Final Phase,67.07877746
Angkrish Raghuvanshi,capped,Batter,Final Phase,68.15707643
Tilak Varma,capped,Batter,Final Phase,61.13983864
Sediqullah Atal,capped,Batter,Final Phase,76.52145283
Jos Buttler,Elite,Wicket Keeper,Final Phase,65.91797989
Riyan Parag,capped,All Rounder,Final Phase,55.68419075
Ruturaj Gaikwad,capped,Batter,Final Phase,63.68606121
Tristan Stubbs,capped,Wicket Keeper,Final Phase,68.39895897
Ayush Badoni,capped,All Rounder,Final Phase,62.76022957
K L Rahul,Elite,Wicket Keeper,Final Phase,71.36048856
Nitish Rana,capped,Batter,Final Phase,73.34250871
Will Jacks,capped,All Rounder,Final Phase,59.98403624
Rahmanullah Gurbaz,capped,Wicket Keeper,Final Phase,71.03448478
Rachin Ravindra,capped,All Rounder,Final Phase,64.0574994
David Miller,capped,Batter,Final Phase,71.37893345
Sherfane Rutherford,capped,All Rounder,Final Phase,70.38410201
Naman Dhir,capped,Batter,Final Phase,76.92863809
Shimron Hetmyer,capped,Batter,Final Phase,71.40569575
Tim David,capped,Batter,Final Phase,68.61010673
Ashutosh Sharma,capped,All Rounder,Final Phase,73.12132722
Mayank Agarwal,capped,Batter,Final Phase,77.54833614
Vijay Shankar,capped,All Rounder,Final Phase,71.0610245
Rinku Singh,capped,Batter,Final Phase,75.91842525
Rahul Tewatia,capped,All Rounder,Final Phase,66.48814142
Prasidh Krishna,capped,Bowler,Final Phase,59.40869716
Shahrukh Khan,capped,All Rounder,Final Phase,71.30244358
Sunil Narine,Elite,All Rounder,Final Phase,59.30416961
Corbin Bosch,capped,All Rounder,Final Phase,66.69157598
Arshad Khan,Uncapped,All Rounder,Final Phase,66.69156017
Rishabh Pant,Elite,Wicket Keeper,Final Phase,76.91341712
Shivam Dube,capped,All Rounder,Final Phase,68.45253804
Jasprit Bumrah,Elite,Bowler,Final Phase,60.72195703
Harsh Dubey,Uncapped,All Rounder,Final Phase,78.83260893
Jaydev Unadkat,capped,Bowler,Final Phase,65.29108278
Marco Jansen,capped,All Rounder,Final Phase,58.550378
Venkatesh Iyer,Elite,All Rounder,Final Phase,61.63970942
Mustafizur Rahman,capped,Bowler,Final Phase,59.41051502
Eshan Malinga,capped,Bowler,Final Phase,66.19608834
Rahul Tripathi,capped,Batter,Final Phase,63.40210363
Quinton de Kock,capped,Wicket Keeper,Final Phase,60.45559981
Lungisani Ngidi,capped,Bowler,Final Phase,53.87553188
Ramandeep Singh,capped,All Rounder,Final Phase,66.40345988
Axar Patel,Elite,All Rounder,Final Phase,55.32220748
Mathew Breetzke,capped,Wicket Keeper,Final Phase,69.98305742
Mitchell Santner,capped,All Rounder,Final Phase,59.22623481
Abhinav Manohar,capped,Batter,Final Phase,64.08103772
Krunal Pandya,capped,All Rounder,Final Phase,56.01177126
MS Dhoni,Elite,Wicket Keeper,Final Phase,57.21092797
Ashwani Kumar,Uncapped,Bowler,Final Phase,64.17106726
Noor Ahmad,capped,Bowler,Final Phase,65.39473236
Romario Shepherd,capped,All Rounder,Final Phase,58.38476328
Nitish Kumar Reddy,capped,All Rounder,Final Phase,52.76039372
Washington Sundar,capped,All Rounder,Final Phase,54.81481267
Harpreet Brar,capped,Bowler,Final Phase,64.03702821
Anshul Kamboj,capped,All Rounder,Final Phase,61.85486717
Shashank Singh,capped,All Rounder,Final Phase,77.82676805
Prince Yadav,Uncapped,Bowler,Final Phase,64.67533452
Jake Frazer McGurk,capped,Batter,Final Phase,60.64262606
Akash Singh,Uncapped,Bowler,Final Phase,69.76828224
Harshit Rana,capped,Bowler,Final Phase,60.44056664
Azmatullah Omarzai,capped,All Rounder,Final Phase,55.08566599
Yudhvir Singh Charak,Uncapped,Bowler,Final Phase,75.53545062
Praveen Dubey,Uncapped,All Rounder,Final Phase,63.66677802
Jofra Archer,capped,Bowler,Final Phase,59.88766847
Glenn Maxwell,capped,Batter,Final Phase,54.83626422
Akash Madhwal,Uncapped,Bowler,Final Phase,73.35895661
Nuwan Thushara,capped,Bowler,Final Phase,57.77191867
Josh Hazlewood,Elite,Bowler,Final Phase,57.5562933
Abdul Samad,capped,All Rounder,Final Phase,65.13328327
Kuldeep Yadav,Elite,Bowler,Final Phase,52.25278039
Rovman powell,capped,Batter,Final Phase,64.15162688
Digvesh Rathi,Uncapped,Bowler,Final Phase,65.03166502
Sai Kishore,capped,All Rounder,Final Phase,52.09861627
William O'Rourke,capped,Bowler,Final Phase,63.08575617
Mukesh Choudhary,Uncapped,Bowler,Final Phase,62.41835448
Madhav Tiwari,Uncapped,All Rounder,Final Phase,72.93457319
Sam Curran,capped,All Rounder,Final Phase,58.83717091
Varun Chakaravarthy,capped,Bowler,Final Phase,56.15949597
Andre Russell,capped,All Rounder,Final Phase,52.92764554
Kamindu Mendis,capped,All Rounder,Final Phase,59.70283875
Ravichandran Ashwin,Elite,All Rounder,Final Phase,53.83819584
Kulwant Khejroliya,Uncapped,Bowler,Final Phase,63.67438519
Pat Cummins,Elite,Bowler,Final Phase,55.09701298
Yash Thakur,Uncapped,Bowler,Final Phase,56.52759031
Mohammed Siraj,capped,Bowler,Final Phase,52.34364275
Arshdeep Singh,Elite,Bowler,Final Phase,53.96724549
Hardik Pandya,Elite,All Rounder,Final Phase,51.65453515
Wanindu Hasaranga,capped,All Rounder,Final Phase,49.98163726
Sandeep Sharma,capped,Bowler,Final Phase,55.72713614
Lockie Ferguson,capped,Bowler,Final Phase,59.26311108
Robin Minz,Uncapped,Wicket Keeper,Final Phase,56.45384331
Khaleel Ahmed,capped,Bowler,Final Phase,53.65207228
Vaibhav Arora,capped,Bowler,Final Phase,55.99864925
Tushar Deshpande,capped,Bowler,Final Phase,54.48700691
Shahbaz Ahmed,Uncapped,All Rounder,Final Phase,56.91365619
Karn Sharma,capped,Bowler,Final Phase,53.89370901
Xavier Bartlett,capped,Bowler,Final Phase,50.94542499
Harshal Patel,capped,Bowler,Final Phase,53.07103985
Maheesh Theekshana,capped,Bowler,Final Phase,54.09404131
Kumar Kartikeya Singh,Uncapped,Bowler,Final Phase,55.61544852
Vijaykumar Vyshak,capped,Bowler,Final Phase,55.35981874
Anukul Roy,Uncapped,All Rounder,Final Phase,58.32237317
Yuzvendra Chahal,Elite,Bowler,Final Phase,53.05566286
Vignesh Puthur,Uncapped,Bowler,Final Phase,59.75290076
Manimaran Siddharth,Uncapped,Bowler,Final Phase,63.01890039
Matheesha Pathirana,capped,Bowler,Final Phase,54.02272933
Rashid Khan,Elite,All Rounder,Final Phase,50.85437187
Gerald Coetzee,capped,Bowler,Final Phase,53.69322096
Marcus Stoinis,capped,All Rounder,Final Phase,65.31982798
Shardul Thakur,capped,All Rounder,Final Phase,59.28729302
Akash Deep,capped,Bowler,Final Phase,53.70679819
Trent Boult,capped,Bowler,Final Phase,58.98218913
Deepak Chahar,capped,Bowler,Final Phase,55.35121473
Ravi Bishnoi,capped,Bowler,Final Phase,49.53308454
Deepak Hooda,capped,All Rounder,Final Phase,52.79916584
Bhuvneshwar Kumar,capped,Bowler,Final Phase,57.21567712
Adam Zampa,capped,Bowler,Final Phase,52.11506008
Mitchell Starc,Elite,Bowler,Final Phase,52.28090485
Moeen Ali,capped,All Rounder,Final Phase,53.40937487
Donovan Ferreira,capped,Wicket Keeper,Final Phase,50.67077929
Ravindra Jadeja,Elite,All Rounder,Final Phase,54.34337327
Yash Dayal,capped,Bowler,Final Phase,48.56727812
Mohit Sharma,capped,Bowler,Final Phase,46.47781824
Mukesh Kumar,capped,Bowler,Final Phase,57.76237637
Avesh Khan,capped,Bowler,Final Phase,56.15378876
Manoj Bhandage,Uncapped,All Rounder,Final Phase,53.50258896
Nathan Ellis,capped,Bowler,Final Phase,54.48222942
Mohammad Shami,capped,Bowler,Final Phase,51.07151528
Kagiso Rabada,Elite,Bowler,Final Phase,48.09704005
V Satyanarayana Penmetsa,Uncapped,Bowler,Final Phase,58.3472476
Mujeeb Ur Rahman,capped,Bowler,Final Phase,53.12509375
Zeeshan Ansari,Uncapped,Bowler,Final Phase,52.5494688
Fazalhaq Farooqi,capped,Bowler,Final Phase,47.43907394
Suyash Sharma,capped,Bowler,Final Phase,49.36892179
Mayank Yadav,capped,Bowler,Final Phase,55.47493875
Kwena Maphaka,capped,Bowler,Final Phase,57.06774849
Ishant Sharma,capped,Bowler,Final Phase,52.36130057
Liam Livingstone,capped,All Rounder,Final Phase,48.06982007
Jamie Overton,capped,Bowler,Final Phase,50.73515339
Dushmantha Chameera,capped,Bowler,Final Phase,52.64588592
Suryansh Shedge,Uncapped,All Rounder,Final Phase,53.78310578
Wiaan Mulder,capped,All Rounder,Final Phase,49.64979023
Simarjeet Singh,Uncapped,Bowler,Final Phase,47.68491729
Rasikh Dar Salam,capped,Bowler,Final Phase,51.13051979
Anrich Nortje,capped,Bowler,Final Phase,48.49366321
Spencer Johnson,capped,Bowler,Final Phase,48.36437875
Kyle Jamieson,capped,Bowler,Final Phase,51.64630615
Chetan Sakariya,Uncapped,Bowler,Final Phase,49.01798233
Rahul Chahar,capped,Bowler,Final Phase,45.73426328
T Natarajan,capped,Bowler,Final Phase,45.0688235
Karim Janat,Uncapped,All Rounder,Final Phase,46.89132676
Kuldeep Sen,Uncapped,Bowler,Final Phase,30.0
Vishnu Vinod,capped,Wicket Keeper,Final Phase,30.0
Nishant Sindhu,capped,All Rounder,Final Phase,30.0
Swastik Chikara,Uncapped,Batter,Final Phase,30.0
Shamar Joseph,capped,Bowler,Final Phase,30.0
Aryan Juyal,Uncapped,Wicket Keeper,Final Phase,30.0
RS Hangargekar,Uncapped,All Rounder,Final Phase,30.0
Yuvraj Chaudhary,Uncapped,All Rounder,Final Phase,30.0
Arshin Kulkarni,Uncapped,All Rounder,Final Phase,30.0
Himmat Singh,Uncapped,Batter,Final Phase,30.0
Nandre Burger,capped,Bowler,Final Phase,30.0
Ashok Sharma,Uncapped,Bowler,Final Phase,30.0
Swapnil Singh,Uncapped,All Rounder,Final Phase,30.0
Mahipal Lomror,capped,All Rounder,Final Phase,30.0
Lhuan-dre Pretorius,Uncapped,Wicket Keeper,Final Phase,30.0
Kunal Rathore,Uncapped,Wicket Keeper,Final Phase,30.0
Shreyas Gopal,Uncapped,Bowler,Final Phase,30.0
Kamlesh Nagarkoti,Uncapped,Bowler,Final Phase,30.0
Luvnith Sisodia,Uncapped,Wicket Keeper,Final Phase,30.0
Darshan Nalkande,Uncapped,All Rounder,Final Phase,30.0
Mayank Markande,Uncapped,Bowler,Final Phase,30.0
Vansh Bedi,Uncapped,Wicket Keeper,Final Phase,30.0
Ramakrishna Ghosh,Uncapped,All Rounder,Final Phase,30.0
Ajay Jadav Mandal,Uncapped,All Rounder,Final Phase,30.0
Umran Malik,capped,Bowler,Final Phase,30.0
Tripurana Vijay,Uncapped,All Rounder,Final Phase,30.0
Dasun Shanaka,capped,All Rounder,Final Phase,30.0
Mohit Rathee,Uncapped,All Rounder,Final Phase,30.0
Arjun Tendulkar,capped,All Rounder,Final Phase,30.0
Lizaad Williams,capped,Bowler,Final Phase,30.0
Raghu Sharma,Uncapped,Bowler,Final Phase,30.0
Tim Seifert,capped,Wicket Keeper,Final Phase,30.0
Andre Siddarth,Uncapped,Batter,Final Phase,30.0
Reece Topley,capped,Bowler,Final Phase,30.0
Harnoor Singh,Uncapped,Batter,Final Phase,30.0
Pyla Avinash,Uncapped,Batter,Final Phase,30.0
Jonny Bairstow,capped,Wicket Keeper,Final Phase,30.0
Krishnan Shrijith,Uncapped,Wicket Keeper,Final Phase,30.0
Abhinandan Singh,Uncapped,Bowler,Final Phase,30.0
Blessing Muzarabani,Uncapped,Bowler,Final Phase,30.0
Charith Asalanka,capped,All Rounder,Final Phase,30.0
Jayant Yadav,Uncapped,All Rounder,Final Phase,30.0
Raj Bawa,Uncapped,All Rounder,Final Phase,30.0
Bevon Jacobs,capped,All Rounder,Final Phase,30.0
Sachin Baby,Uncapped,Batter,Final Phase,30.0
Musheer Khan,Uncapped,All Rounder,Final Phase,30.0
Gurnoor Brar,Uncapped,Bowler,Final Phase,30.0
Manvanth Kumar L,Uncapped,All Rounder,Final Phase,30.0
Kusal Mendis,capped,Wicket Keeper,Final Phase,30.0
Aaron Hardie,Uncapped,All Rounder,Final Phase,30.0
Anuj Rawat,Uncapped,Wicket Keeper,Final Phase,30.0
Kumar Kushagra,Uncapped,Wicket Keeper,Final Phase,30.0
Mitchell Owen,capped,All Rounder,Final Phase,30.0
Manav Suthar,Uncapped,Bowler,Final Phase,30.0
